anchor,lr,control,target_in_loop,cutoff_period_days,model,channels,fold,date,equity
0,0.001,real,True,5,buy_and_hold,,1,2022-07-06,100000.0
0,0.001,real,True,5,buy_and_hold,,1,2022-07-07,102243.2216540236
0,0.001,real,True,5,buy_and_hold,,1,2022-07-08,102218.20714333408
0,0.001,real,True,5,buy_and_hold,,1,2022-07-11,99486.1148120584
0,0.001,real,True,5,buy_and_hold,,1,2022-07-12,97984.2616912749
0,0.001,real,True,5,buy_and_hold,,1,2022-07-13,97710.93132771904
0,0.001,real,True,5,buy_and_hold,,1,2022-07-14,98367.47348554307
0,0.001,real,True,5,buy_and_hold,,1,2022-07-15,100066.00709527572
0,0.001,real,True,5,buy_and_hold,,1,2022-07-18,99445.15891677707
0,0.001,real,True,5,buy_and_hold,,1,2022-07-19,103156.1783078166
0,0.001,real,True,5,buy_and_hold,,1,2022-07-20,105518.10123623794
0,0.001,real,True,5,buy_and_hold,,1,2022-07-21,106751.66509296461
0,0.001,real,True,5,buy_and_hold,,1,2022-07-22,103785.52418942511
0,0.001,real,True,5,buy_and_hold,,1,2022-07-25,102836.9325816638
0,0.001,real,True,5,buy_and_hold,,1,2022-07-26,99946.59052819331
0,0.001,real,True,5,buy_and_hold,,1,2022-07-27,106045.25467507908
0,0.001,real,True,5,buy_and_hold,,1,2022-07-28,107384.31534511829
0,0.001,real,True,5,buy_and_hold,,1,2022-07-29,111252.44832088005
0,0.001,real,True,5,buy_and_hold,,1,2022-08-01,111090.21230929106
0,0.001,real,True,5,buy_and_hold,,1,2022-08-02,110581.16854476322
0,0.001,real,True,5,buy_and_hold,,1,2022-08-03,113940.63777954114
0,0.001,real,True,5,buy_and_hold,,1,2022-08-04,114956.22203100631
0,0.001,real,True,5,buy_and_hold,,1,2022-08-05,114140.00814872973
0,0.001,real,True,5,buy_and_hold,,1,2022-08-08,112057.03384252492
0,0.001,real,True,5,buy_and_hold,,1,2022-08-09,110904.9819602495
0,0.001,real,True,5,buy_and_hold,,1,2022-08-10,114720.54964509676
0,0.001,real,True,5,buy_and_hold,,1,2022-08-11,113744.43970625757
0,0.001,real,True,5,buy_and_hold,,1,2022-08-12,116614.18764683913
0,0.001,real,True,5,buy_and_hold,,1,2022-08-15,117306.44804279687
0,0.001,real,True,5,buy_and_hold,,1,2022-08-16,117243.84831986745
0,0.001,real,True,5,buy_and_hold,,1,2022-08-17,115850.25251558956
0,0.001,real,True,5,buy_and_hold,,1,2022-08-18,116416.81470851667
0,0.001,real,True,5,buy_and_hold,,1,2022-08-19,113321.32216828695
0,0.001,real,True,5,buy_and_hold,,1,2022-08-22,109684.53792510438
0,0.001,real,True,5,buy_and_hold,,1,2022-08-23,109732.39438623565
0,0.001,real,True,5,buy_and_hold,,1,2022-08-24,109780.30929658902
0,0.001,real,True,5,buy_and_hold,,1,2022-08-25,112380.10115775446
0,0.001,real,True,5,buy_and_hold,,1,2022-08-26,106290.08839448204
0,0.001,real,True,5,buy_and_hold,,1,2022-08-29,104838.81343687768
0,0.001,real,True,5,buy_and_hold,,1,2022-08-30,103622.59693405218
0,0.001,real,True,5,buy_and_hold,,1,2022-08-31,102320.02195754589
0,0.001,real,True,5,buy_and_hold,,1,2022-09-01,101294.56566227897
0,0.001,real,True,5,buy_and_hold,,1,2022-09-02,99908.24920101342
0,0.001,real,True,5,buy_and_hold,,1,2022-09-06,98855.06672226323
0,0.001,real,True,5,buy_and_hold,,1,2022-09-07,100798.49898372217
0,0.001,real,True,5,buy_and_hold,,1,2022-09-08,100852.28840491662
0,0.001,real,True,5,buy_and_hold,,1,2022-09-09,103221.75739047228
0,0.001,real,True,5,buy_and_hold,,1,2022-09-12,104981.71933222581
0,0.001,real,True,5,buy_and_hold,,1,2022-09-13,97928.56201829929
0,0.001,real,True,5,buy_and_hold,,1,2022-09-14,98569.45110369488
0,0.001,real,True,5,buy_and_hold,,1,2022-09-15,96622.4690809095
0,0.001,real,True,5,buy_and_hold,,1,2022-09-16,96186.69132087426
0,0.001,real,True,5,buy_and_hold,,1,2022-09-19,97181.72424151153
0,0.001,real,True,5,buy_and_hold,,1,2022-09-20,96327.84047260211
0,0.001,real,True,5,buy_and_hold,,1,2022-09-21,94764.76130544825
0,0.001,real,True,5,buy_and_hold,,1,2022-09-22,93808.94582288622
0,0.001,real,True,5,buy_and_hold,,1,2022-09-23,92333.49176045186
0,0.001,real,True,5,buy_and_hold,,1,2022-09-26,92114.44491780657
0,0.001,real,True,5,buy_and_hold,,1,2022-09-27,92167.1944313843
0,0.001,real,True,5,buy_and_hold,,1,2022-09-28,93744.21741252707
0,0.001,real,True,5,buy_and_hold,,1,2022-09-29,90730.41287491877
0,0.001,real,True,5,buy_and_hold,,2,2022-10-06,100000.0
0,0.001,real,True,5,buy_and_hold,,2,2022-10-07,97570.5985872882
0,0.001,real,True,5,buy_and_hold,,2,2022-10-10,96238.70805346366
0,0.001,real,True,5,buy_and_hold,,2,2022-10-11,95200.17905048083
0,0.001,real,True,5,buy_and_hold,,2,2022-10-12,95194.13855780131
0,0.001,real,True,5,buy_and_hold,,2,2022-10-13,97524.08723575168
0,0.001,real,True,5,buy_and_hold,,2,2022-10-14,93779.60038596825
0,0.001,real,True,5,buy_and_hold,,2,2022-10-17,97996.37447644625
0,0.001,real,True,5,buy_and_hold,,2,2022-10-18,98986.81756572367
0,0.001,real,True,5,buy_and_hold,,2,2022-10-19,98522.03446255298
0,0.001,real,True,5,buy_and_hold,,2,2022-10-20,98755.9068002461
0,0.001,real,True,5,buy_and_hold,,2,2022-10-21,101152.4197000153
0,0.001,real,True,5,buy_and_hold,,2,2022-10-24,102459.64913055612
0,0.001,real,True,5,buy_and_hold,,2,2022-10-25,104731.00397851726
0,0.001,real,True,5,buy_and_hold,,2,2022-10-26,99373.69588381896
0,0.001,real,True,5,buy_and_hold,,2,2022-10-27,97464.71358179467
0,0.001,real,True,5,buy_and_hold,,2,2022-10-28,100343.83646351102
0,0.001,real,True,5,buy_and_hold,,2,2022-10-31,98637.24213112346
0,0.001,real,True,5,buy_and_hold,,2,2022-11-01,96238.44273661589
0,0.001,real,True,5,buy_and_hold,,2,2022-11-02,92770.20629825117
0,0.001,real,True,5,buy_and_hold,,2,2022-11-03,90558.22319647644
0,0.001,real,True,5,buy_and_hold,,2,2022-11-04,93203.26311425783
0,0.001,real,True,5,buy_and_hold,,2,2022-11-07,94354.91761521754
0,0.001,real,True,5,buy_and_hold,,2,2022-11-08,94989.50532968799
0,0.001,real,True,5,buy_and_hold,,2,2022-11-09,91689.53594063691
0,0.001,real,True,5,buy_and_hold,,2,2022-11-10,101167.38016184833
0,0.001,real,True,5,buy_and_hold,,2,2022-11-11,104029.71016294364
0,0.001,real,True,5,buy_and_hold,,2,2022-11-14,102785.6956864293
0,0.001,real,True,5,buy_and_hold,,2,2022-11-15,104285.8564800323
0,0.001,real,True,5,buy_and_hold,,2,2022-11-16,102711.9419145528
0,0.001,real,True,5,buy_and_hold,,2,2022-11-17,102123.72868892463
0,0.001,real,True,5,buy_and_hold,,2,2022-11-18,101430.57895034438
0,0.001,real,True,5,buy_and_hold,,2,2022-11-21,100240.57777982511
0,0.001,real,True,5,buy_and_hold,,2,2022-11-22,102361.87231920232
0,0.001,real,True,5,buy_and_hold,,2,2022-11-23,103908.02853536067
0,0.001,real,True,5,buy_and_hold,,2,2022-11-25,102764.30336750115
0,0.001,real,True,5,buy_and_hold,,2,2022-11-28,100841.78835010817
0,0.001,real,True,5,buy_and_hold,,2,2022-11-29,99562.19805265596
0,0.001,real,True,5,buy_and_hold,,2,2022-11-30,105677.78299182412
0,0.001,real,True,5,buy_and_hold,,2,2022-12-01,105842.45502583325
0,0.001,real,True,5,buy_and_hold,,2,2022-12-02,105043.2263212261
0,0.001,real,True,5,buy_and_hold,,2,2022-12-05,103330.03116745851
0,0.001,real,True,5,buy_and_hold,,2,2022-12-06,100420.03394918799
0,0.001,real,True,5,buy_and_hold,,2,2022-12-07,99920.57834359052
0,0.001,real,True,5,buy_and_hold,,2,2022-12-08,102164.41883098689
0,0.001,real,True,5,buy_and_hold,,2,2022-12-09,101272.42565085163
0,0.001,real,True,5,buy_and_hold,,2,2022-12-12,103387.2864692343
0,0.001,real,True,5,buy_and_hold,,2,2022-12-13,105543.99577329683
0,0.001,real,True,5,buy_and_hold,,2,2022-12-14,104348.64548897653
0,0.001,real,True,5,buy_and_hold,,2,2022-12-15,100194.60998753714
0,0.001,real,True,5,buy_and_hold,,2,2022-12-16,98726.10026145037
0,0.001,real,True,5,buy_and_hold,,2,2022-12-19,96703.00728791612
0,0.001,real,True,5,buy_and_hold,,2,2022-12-20,96697.17148231479
0,0.001,real,True,5,buy_and_hold,,2,2022-12-21,98403.74877005012
0,0.001,real,True,5,buy_and_hold,,2,2022-12-22,94704.46435464223
0,0.001,real,True,5,buy_and_hold,,2,2022-12-23,95026.48822477556
0,0.001,real,True,5,buy_and_hold,,2,2022-12-27,92144.13108467148
0,0.001,real,True,5,buy_and_hold,,2,2022-12-28,90764.26854049854
0,0.001,real,True,5,buy_and_hold,,2,2022-12-29,93570.26252878162
0,0.001,real,True,5,buy_and_hold,,3,2023-01-06,100000.0
0,0.001,real,True,5,buy_and_hold,,3,2023-01-09,100330.26470266213
0,0.001,real,True,5,buy_and_hold,,3,2023-01-10,101603.77879628514
0,0.001,real,True,5,buy_and_hold,,3,2023-01-11,104652.87164085796
0,0.001,real,True,5,buy_and_hold,,3,2023-01-12,105502.48938461619
0,0.001,real,True,5,buy_and_hold,,3,2023-01-13,107156.04031516658
0,0.001,real,True,5,buy_and_hold,,3,2023-01-17,107825.02121780298
0,0.001,real,True,5,buy_and_hold,,3,2023-01-18,106713.88560475383
0,0.001,real,True,5,buy_and_hold,,3,2023-01-19,105609.81676715173
0,0.001,real,True,5,buy_and_hold,,3,2023-01-20,110085.7036713065
0,0.001,real,True,5,buy_and_hold,,3,2023-01-23,113023.86712453116
0,0.001,real,True,5,buy_and_hold,,3,2023-01-24,112540.74887887001
0,0.001,real,True,5,buy_and_hold,,3,2023-01-25,112023.12008781935
0,0.001,real,True,5,buy_and_hold,,3,2023-01-26,114610.74118499235
0,0.001,real,True,5,buy_and_hold,,3,2023-01-27,116772.21609612727
0,0.001,real,True,5,buy_and_hold,,3,2023-01-30,113332.28852539213
0,0.001,real,True,5,buy_and_hold,,3,2023-01-31,115490.50122276832
0,0.001,real,True,5,buy_and_hold,,3,2023-02-01,118761.95136356814
0,0.001,real,True,5,buy_and_hold,,3,2023-02-02,125064.27302857974
0,0.001,real,True,5,buy_and_hold,,3,2023-02-03,121433.71549010494
0,0.001,real,True,5,buy_and_hold,,3,2023-02-06,120153.29125895015
0,0.001,real,True,5,buy_and_hold,,3,2023-02-07,124027.80529249183
0,0.001,real,True,5,buy_and_hold,,3,2023-02-08,121235.74700192176
0,0.001,real,True,5,buy_and_hold,,3,2023-02-09,119572.54073286508
0,0.001,real,True,5,buy_and_hold,,3,2023-02-10,117937.67903396045
0,0.001,real,True,5,buy_and_hold,,3,2023-02-13,120233.68828241614
0,0.001,real,True,5,buy_and_hold,,3,2023-02-14,121808.71444343164
0,0.001,real,True,5,buy_and_hold,,3,2023-02-15,122518.00029262253
0,0.001,real,True,5,buy_and_hold,,3,2023-02-16,119626.35065405616
0,0.001,real,True,5,buy_and_hold,,3,2023-02-17,117803.53523506636
0,0.001,real,True,5,buy_and_hold,,3,2023-02-21,114564.77279766378
0,0.001,real,True,5,buy_and_hold,,3,2023-02-22,114902.5471757514
0,0.001,real,True,5,buy_and_hold,,3,2023-02-23,118907.40980638072
0,0.001,real,True,5,buy_and_hold,,3,2023-02-24,116580.23871822421
0,0.001,real,True,5,buy_and_hold,,3,2023-02-27,117357.26535247528
0,0.001,real,True,5,buy_and_hold,,3,2023-02-28,116991.15701932268
0,0.001,real,True,5,buy_and_hold,,3,2023-03-01,115309.41282754282
0,0.001,real,True,5,buy_and_hold,,3,2023-03-02,116997.55145037
0,0.001,real,True,5,buy_and_hold,,3,2023-03-03,119913.41727427201
0,0.001,real,True,5,buy_and_hold,,3,2023-03-06,120115.5484674757
0,0.001,real,True,5,buy_and_hold,,3,2023-03-07,118856.6705838072
0,0.001,real,True,5,buy_and_hold,,3,2023-03-08,120352.84379484011
0,0.001,real,True,5,buy_and_hold,,3,2023-03-09,118087.62355647728
0,0.001,real,True,5,buy_and_hold,,3,2023-03-10,116090.62147457819
0,0.001,real,True,5,buy_and_hold,,3,2023-03-13,117363.31712959925
0,0.001,real,True,5,buy_and_hold,,3,2023-03-14,120939.12680658804
0,0.001,real,True,5,buy_and_hold,,3,2023-03-15,122413.93729283097
0,0.001,real,True,5,buy_and_hold,,3,2023-03-16,127353.44577129743
0,0.001,real,True,5,buy_and_hold,,3,2023-03-17,127794.52320494434
0,0.001,real,True,5,buy_and_hold,,3,2023-03-20,127380.60111362634
0,0.001,real,True,5,buy_and_hold,,3,2023-03-21,129697.71990193796
0,0.001,real,True,5,buy_and_hold,,3,2023-03-22,128907.80421980466
0,0.001,real,True,5,buy_and_hold,,3,2023-03-23,131004.63707056787
0,0.001,real,True,5,buy_and_hold,,3,2023-03-24,130757.02783212392
0,0.001,real,True,5,buy_and_hold,,3,2023-03-27,129064.4884545053
0,0.001,real,True,5,buy_and_hold,,3,2023-03-28,128201.24865993689
0,0.001,real,True,5,buy_and_hold,,3,2023-03-29,130667.98123173359
0,0.001,real,True,5,buy_and_hold,,3,2023-03-30,131994.65408441078
0,0.001,real,True,5,persistence,C0_base,1,2022-07-06,100000.0
0,0.001,real,True,5,persistence,C0_base,1,2022-07-07,100000.0
0,0.001,real,True,5,persistence,C0_base,1,2022-07-08,100000.0
0,0.001,real,True,5,persistence,C0_base,1,2022-07-11,100000.0
0,0.001,real,True,5,persistence,C0_base,1,2022-07-12,100000.0
0,0.001,real,True,5,persistence,C0_base,1,2022-07-13,100000.0
0,0.001,real,True,5,persistence,C0_base,1,2022-07-14,100000.0
0,0.001,real,True,5,persistence,C0_base,1,2022-07-15,100000.0
0,0.001,real,True,5,persistence,C0_base,1,2022-07-18,100000.0
0,0.001,real,True,5,persistence,C0_base,1,2022-07-19,100000.0
0,0.001,real,True,5,persistence,C0_base,1,2022-07-20,100000.0
0,0.001,real,True,5,persistence,C0_base,1,2022-07-21,100000.0
0,0.001,real,True,5,persistence,C0_base,1,2022-07-22,100000.0
0,0.001,real,True,5,persistence,C0_base,1,2022-07-25,100000.0
0,0.001,real,True,5,persistence,C0_base,1,2022-07-26,100000.0
0,0.001,real,True,5,persistence,C0_base,1,2022-07-27,100000.0
0,0.001,real,True,5,persistence,C0_base,1,2022-07-28,100000.0
0,0.001,real,True,5,persistence,C0_base,1,2022-07-29,100000.0
0,0.001,real,True,5,persistence,C0_base,1,2022-08-01,100000.0
0,0.001,real,True,5,persistence,C0_base,1,2022-08-02,100000.0
0,0.001,real,True,5,persistence,C0_base,1,2022-08-03,100000.0
0,0.001,real,True,5,persistence,C0_base,1,2022-08-04,100000.0
0,0.001,real,True,5,persistence,C0_base,1,2022-08-05,100000.0
0,0.001,real,True,5,persistence,C0_base,1,2022-08-08,100000.0
0,0.001,real,True,5,persistence,C0_base,1,2022-08-09,100000.0
0,0.001,real,True,5,persistence,C0_base,1,2022-08-10,100000.0
0,0.001,real,True,5,persistence,C0_base,1,2022-08-11,100000.0
0,0.001,real,True,5,persistence,C0_base,1,2022-08-12,100000.0
0,0.001,real,True,5,persistence,C0_base,1,2022-08-15,100000.0
0,0.001,real,True,5,persistence,C0_base,1,2022-08-16,100000.0
0,0.001,real,True,5,persistence,C0_base,1,2022-08-17,100000.0
0,0.001,real,True,5,persistence,C0_base,1,2022-08-18,100000.0
0,0.001,real,True,5,persistence,C0_base,1,2022-08-19,100000.0
0,0.001,real,True,5,persistence,C0_base,1,2022-08-22,100000.0
0,0.001,real,True,5,persistence,C0_base,1,2022-08-23,100000.0
0,0.001,real,True,5,persistence,C0_base,1,2022-08-24,100000.0
0,0.001,real,True,5,persistence,C0_base,1,2022-08-25,100000.0
0,0.001,real,True,5,persistence,C0_base,1,2022-08-26,100000.0
0,0.001,real,True,5,persistence,C0_base,1,2022-08-29,100000.0
0,0.001,real,True,5,persistence,C0_base,1,2022-08-30,100000.0
0,0.001,real,True,5,persistence,C0_base,1,2022-08-31,100000.0
0,0.001,real,True,5,persistence,C0_base,1,2022-09-01,100000.0
0,0.001,real,True,5,persistence,C0_base,1,2022-09-02,100000.0
0,0.001,real,True,5,persistence,C0_base,1,2022-09-06,100000.0
0,0.001,real,True,5,persistence,C0_base,1,2022-09-07,100000.0
0,0.001,real,True,5,persistence,C0_base,1,2022-09-08,100000.0
0,0.001,real,True,5,persistence,C0_base,1,2022-09-09,100000.0
0,0.001,real,True,5,persistence,C0_base,1,2022-09-12,100000.0
0,0.001,real,True,5,persistence,C0_base,1,2022-09-13,100000.0
0,0.001,real,True,5,persistence,C0_base,1,2022-09-14,100000.0
0,0.001,real,True,5,persistence,C0_base,1,2022-09-15,100000.0
0,0.001,real,True,5,persistence,C0_base,1,2022-09-16,100000.0
0,0.001,real,True,5,persistence,C0_base,1,2022-09-19,100000.0
0,0.001,real,True,5,persistence,C0_base,1,2022-09-20,100000.0
0,0.001,real,True,5,persistence,C0_base,1,2022-09-21,100000.0
0,0.001,real,True,5,persistence,C0_base,1,2022-09-22,100000.0
0,0.001,real,True,5,persistence,C0_base,1,2022-09-23,100000.0
0,0.001,real,True,5,persistence,C0_base,1,2022-09-26,100000.0
0,0.001,real,True,5,persistence,C0_base,1,2022-09-27,100000.0
0,0.001,real,True,5,persistence,C0_base,1,2022-09-28,100000.0
0,0.001,real,True,5,persistence,C0_base,1,2022-09-29,100000.0
0,0.001,real,True,5,persistence,C0_base,2,2022-10-06,100000.0
0,0.001,real,True,5,persistence,C0_base,2,2022-10-07,100000.0
0,0.001,real,True,5,persistence,C0_base,2,2022-10-10,100000.0
0,0.001,real,True,5,persistence,C0_base,2,2022-10-11,100000.0
0,0.001,real,True,5,persistence,C0_base,2,2022-10-12,100000.0
0,0.001,real,True,5,persistence,C0_base,2,2022-10-13,100000.0
0,0.001,real,True,5,persistence,C0_base,2,2022-10-14,100000.0
0,0.001,real,True,5,persistence,C0_base,2,2022-10-17,100000.0
0,0.001,real,True,5,persistence,C0_base,2,2022-10-18,100000.0
0,0.001,real,True,5,persistence,C0_base,2,2022-10-19,100000.0
0,0.001,real,True,5,persistence,C0_base,2,2022-10-20,100000.0
0,0.001,real,True,5,persistence,C0_base,2,2022-10-21,100000.0
0,0.001,real,True,5,persistence,C0_base,2,2022-10-24,100000.0
0,0.001,real,True,5,persistence,C0_base,2,2022-10-25,100000.0
0,0.001,real,True,5,persistence,C0_base,2,2022-10-26,100000.0
0,0.001,real,True,5,persistence,C0_base,2,2022-10-27,100000.0
0,0.001,real,True,5,persistence,C0_base,2,2022-10-28,100000.0
0,0.001,real,True,5,persistence,C0_base,2,2022-10-31,100000.0
0,0.001,real,True,5,persistence,C0_base,2,2022-11-01,100000.0
0,0.001,real,True,5,persistence,C0_base,2,2022-11-02,100000.0
0,0.001,real,True,5,persistence,C0_base,2,2022-11-03,100000.0
0,0.001,real,True,5,persistence,C0_base,2,2022-11-04,100000.0
0,0.001,real,True,5,persistence,C0_base,2,2022-11-07,100000.0
0,0.001,real,True,5,persistence,C0_base,2,2022-11-08,100000.0
0,0.001,real,True,5,persistence,C0_base,2,2022-11-09,100000.0
0,0.001,real,True,5,persistence,C0_base,2,2022-11-10,100000.0
0,0.001,real,True,5,persistence,C0_base,2,2022-11-11,100000.0
0,0.001,real,True,5,persistence,C0_base,2,2022-11-14,100000.0
0,0.001,real,True,5,persistence,C0_base,2,2022-11-15,100000.0
0,0.001,real,True,5,persistence,C0_base,2,2022-11-16,100000.0
0,0.001,real,True,5,persistence,C0_base,2,2022-11-17,100000.0
0,0.001,real,True,5,persistence,C0_base,2,2022-11-18,100000.0
0,0.001,real,True,5,persistence,C0_base,2,2022-11-21,100000.0
0,0.001,real,True,5,persistence,C0_base,2,2022-11-22,100000.0
0,0.001,real,True,5,persistence,C0_base,2,2022-11-23,100000.0
0,0.001,real,True,5,persistence,C0_base,2,2022-11-25,100000.0
0,0.001,real,True,5,persistence,C0_base,2,2022-11-28,100000.0
0,0.001,real,True,5,persistence,C0_base,2,2022-11-29,100000.0
0,0.001,real,True,5,persistence,C0_base,2,2022-11-30,100000.0
0,0.001,real,True,5,persistence,C0_base,2,2022-12-01,100000.0
0,0.001,real,True,5,persistence,C0_base,2,2022-12-02,100000.0
0,0.001,real,True,5,persistence,C0_base,2,2022-12-05,100000.0
0,0.001,real,True,5,persistence,C0_base,2,2022-12-06,100000.0
0,0.001,real,True,5,persistence,C0_base,2,2022-12-07,100000.0
0,0.001,real,True,5,persistence,C0_base,2,2022-12-08,100000.0
0,0.001,real,True,5,persistence,C0_base,2,2022-12-09,100000.0
0,0.001,real,True,5,persistence,C0_base,2,2022-12-12,100000.0
0,0.001,real,True,5,persistence,C0_base,2,2022-12-13,100000.0
0,0.001,real,True,5,persistence,C0_base,2,2022-12-14,100000.0
0,0.001,real,True,5,persistence,C0_base,2,2022-12-15,100000.0
0,0.001,real,True,5,persistence,C0_base,2,2022-12-16,100000.0
0,0.001,real,True,5,persistence,C0_base,2,2022-12-19,100000.0
0,0.001,real,True,5,persistence,C0_base,2,2022-12-20,100000.0
0,0.001,real,True,5,persistence,C0_base,2,2022-12-21,100000.0
0,0.001,real,True,5,persistence,C0_base,2,2022-12-22,100000.0
0,0.001,real,True,5,persistence,C0_base,2,2022-12-23,100000.0
0,0.001,real,True,5,persistence,C0_base,2,2022-12-27,100000.0
0,0.001,real,True,5,persistence,C0_base,2,2022-12-28,100000.0
0,0.001,real,True,5,persistence,C0_base,2,2022-12-29,100000.0
0,0.001,real,True,5,persistence,C0_base,3,2023-01-06,100000.0
0,0.001,real,True,5,persistence,C0_base,3,2023-01-09,100000.0
0,0.001,real,True,5,persistence,C0_base,3,2023-01-10,100000.0
0,0.001,real,True,5,persistence,C0_base,3,2023-01-11,100000.0
0,0.001,real,True,5,persistence,C0_base,3,2023-01-12,100000.0
0,0.001,real,True,5,persistence,C0_base,3,2023-01-13,100000.0
0,0.001,real,True,5,persistence,C0_base,3,2023-01-17,100000.0
0,0.001,real,True,5,persistence,C0_base,3,2023-01-18,100000.0
0,0.001,real,True,5,persistence,C0_base,3,2023-01-19,100000.0
0,0.001,real,True,5,persistence,C0_base,3,2023-01-20,100000.0
0,0.001,real,True,5,persistence,C0_base,3,2023-01-23,100000.0
0,0.001,real,True,5,persistence,C0_base,3,2023-01-24,100000.0
0,0.001,real,True,5,persistence,C0_base,3,2023-01-25,100000.0
0,0.001,real,True,5,persistence,C0_base,3,2023-01-26,100000.0
0,0.001,real,True,5,persistence,C0_base,3,2023-01-27,100000.0
0,0.001,real,True,5,persistence,C0_base,3,2023-01-30,100000.0
0,0.001,real,True,5,persistence,C0_base,3,2023-01-31,100000.0
0,0.001,real,True,5,persistence,C0_base,3,2023-02-01,100000.0
0,0.001,real,True,5,persistence,C0_base,3,2023-02-02,100000.0
0,0.001,real,True,5,persistence,C0_base,3,2023-02-03,100000.0
0,0.001,real,True,5,persistence,C0_base,3,2023-02-06,100000.0
0,0.001,real,True,5,persistence,C0_base,3,2023-02-07,100000.0
0,0.001,real,True,5,persistence,C0_base,3,2023-02-08,100000.0
0,0.001,real,True,5,persistence,C0_base,3,2023-02-09,100000.0
0,0.001,real,True,5,persistence,C0_base,3,2023-02-10,100000.0
0,0.001,real,True,5,persistence,C0_base,3,2023-02-13,100000.0
0,0.001,real,True,5,persistence,C0_base,3,2023-02-14,100000.0
0,0.001,real,True,5,persistence,C0_base,3,2023-02-15,100000.0
0,0.001,real,True,5,persistence,C0_base,3,2023-02-16,100000.0
0,0.001,real,True,5,persistence,C0_base,3,2023-02-17,100000.0
0,0.001,real,True,5,persistence,C0_base,3,2023-02-21,100000.0
0,0.001,real,True,5,persistence,C0_base,3,2023-02-22,100000.0
0,0.001,real,True,5,persistence,C0_base,3,2023-02-23,100000.0
0,0.001,real,True,5,persistence,C0_base,3,2023-02-24,100000.0
0,0.001,real,True,5,persistence,C0_base,3,2023-02-27,100000.0
0,0.001,real,True,5,persistence,C0_base,3,2023-02-28,100000.0
0,0.001,real,True,5,persistence,C0_base,3,2023-03-01,100000.0
0,0.001,real,True,5,persistence,C0_base,3,2023-03-02,100000.0
0,0.001,real,True,5,persistence,C0_base,3,2023-03-03,100000.0
0,0.001,real,True,5,persistence,C0_base,3,2023-03-06,100000.0
0,0.001,real,True,5,persistence,C0_base,3,2023-03-07,100000.0
0,0.001,real,True,5,persistence,C0_base,3,2023-03-08,100000.0
0,0.001,real,True,5,persistence,C0_base,3,2023-03-09,100000.0
0,0.001,real,True,5,persistence,C0_base,3,2023-03-10,100000.0
0,0.001,real,True,5,persistence,C0_base,3,2023-03-13,100000.0
0,0.001,real,True,5,persistence,C0_base,3,2023-03-14,100000.0
0,0.001,real,True,5,persistence,C0_base,3,2023-03-15,100000.0
0,0.001,real,True,5,persistence,C0_base,3,2023-03-16,100000.0
0,0.001,real,True,5,persistence,C0_base,3,2023-03-17,100000.0
0,0.001,real,True,5,persistence,C0_base,3,2023-03-20,100000.0
0,0.001,real,True,5,persistence,C0_base,3,2023-03-21,100000.0
0,0.001,real,True,5,persistence,C0_base,3,2023-03-22,100000.0
0,0.001,real,True,5,persistence,C0_base,3,2023-03-23,100000.0
0,0.001,real,True,5,persistence,C0_base,3,2023-03-24,100000.0
0,0.001,real,True,5,persistence,C0_base,3,2023-03-27,100000.0
0,0.001,real,True,5,persistence,C0_base,3,2023-03-28,100000.0
0,0.001,real,True,5,persistence,C0_base,3,2023-03-29,100000.0
0,0.001,real,True,5,persistence,C0_base,3,2023-03-30,100000.0
0,0.001,real,True,5,persistence,C2_hybrid,1,2022-07-06,100000.0
0,0.001,real,True,5,persistence,C2_hybrid,1,2022-07-07,100000.0
0,0.001,real,True,5,persistence,C2_hybrid,1,2022-07-08,100000.0
0,0.001,real,True,5,persistence,C2_hybrid,1,2022-07-11,100000.0
0,0.001,real,True,5,persistence,C2_hybrid,1,2022-07-12,100000.0
0,0.001,real,True,5,persistence,C2_hybrid,1,2022-07-13,100000.0
0,0.001,real,True,5,persistence,C2_hybrid,1,2022-07-14,100000.0
0,0.001,real,True,5,persistence,C2_hybrid,1,2022-07-15,100000.0
0,0.001,real,True,5,persistence,C2_hybrid,1,2022-07-18,100000.0
0,0.001,real,True,5,persistence,C2_hybrid,1,2022-07-19,100000.0
0,0.001,real,True,5,persistence,C2_hybrid,1,2022-07-20,100000.0
0,0.001,real,True,5,persistence,C2_hybrid,1,2022-07-21,100000.0
0,0.001,real,True,5,persistence,C2_hybrid,1,2022-07-22,100000.0
0,0.001,real,True,5,persistence,C2_hybrid,1,2022-07-25,100000.0
0,0.001,real,True,5,persistence,C2_hybrid,1,2022-07-26,100000.0
0,0.001,real,True,5,persistence,C2_hybrid,1,2022-07-27,100000.0
0,0.001,real,True,5,persistence,C2_hybrid,1,2022-07-28,100000.0
0,0.001,real,True,5,persistence,C2_hybrid,1,2022-07-29,100000.0
0,0.001,real,True,5,persistence,C2_hybrid,1,2022-08-01,100000.0
0,0.001,real,True,5,persistence,C2_hybrid,1,2022-08-02,100000.0
0,0.001,real,True,5,persistence,C2_hybrid,1,2022-08-03,100000.0
0,0.001,real,True,5,persistence,C2_hybrid,1,2022-08-04,100000.0
0,0.001,real,True,5,persistence,C2_hybrid,1,2022-08-05,100000.0
0,0.001,real,True,5,persistence,C2_hybrid,1,2022-08-08,100000.0
0,0.001,real,True,5,persistence,C2_hybrid,1,2022-08-09,100000.0
0,0.001,real,True,5,persistence,C2_hybrid,1,2022-08-10,100000.0
0,0.001,real,True,5,persistence,C2_hybrid,1,2022-08-11,100000.0
0,0.001,real,True,5,persistence,C2_hybrid,1,2022-08-12,100000.0
0,0.001,real,True,5,persistence,C2_hybrid,1,2022-08-15,100000.0
0,0.001,real,True,5,persistence,C2_hybrid,1,2022-08-16,100000.0
0,0.001,real,True,5,persistence,C2_hybrid,1,2022-08-17,100000.0
0,0.001,real,True,5,persistence,C2_hybrid,1,2022-08-18,100000.0
0,0.001,real,True,5,persistence,C2_hybrid,1,2022-08-19,100000.0
0,0.001,real,True,5,persistence,C2_hybrid,1,2022-08-22,100000.0
0,0.001,real,True,5,persistence,C2_hybrid,1,2022-08-23,100000.0
0,0.001,real,True,5,persistence,C2_hybrid,1,2022-08-24,100000.0
0,0.001,real,True,5,persistence,C2_hybrid,1,2022-08-25,100000.0
0,0.001,real,True,5,persistence,C2_hybrid,1,2022-08-26,100000.0
0,0.001,real,True,5,persistence,C2_hybrid,1,2022-08-29,100000.0
0,0.001,real,True,5,persistence,C2_hybrid,1,2022-08-30,100000.0
0,0.001,real,True,5,persistence,C2_hybrid,1,2022-08-31,100000.0
0,0.001,real,True,5,persistence,C2_hybrid,1,2022-09-01,100000.0
0,0.001,real,True,5,persistence,C2_hybrid,1,2022-09-02,100000.0
0,0.001,real,True,5,persistence,C2_hybrid,1,2022-09-06,100000.0
0,0.001,real,True,5,persistence,C2_hybrid,1,2022-09-07,100000.0
0,0.001,real,True,5,persistence,C2_hybrid,1,2022-09-08,100000.0
0,0.001,real,True,5,persistence,C2_hybrid,1,2022-09-09,100000.0
0,0.001,real,True,5,persistence,C2_hybrid,1,2022-09-12,100000.0
0,0.001,real,True,5,persistence,C2_hybrid,1,2022-09-13,100000.0
0,0.001,real,True,5,persistence,C2_hybrid,1,2022-09-14,100000.0
0,0.001,real,True,5,persistence,C2_hybrid,1,2022-09-15,100000.0
0,0.001,real,True,5,persistence,C2_hybrid,1,2022-09-16,100000.0
0,0.001,real,True,5,persistence,C2_hybrid,1,2022-09-19,100000.0
0,0.001,real,True,5,persistence,C2_hybrid,1,2022-09-20,100000.0
0,0.001,real,True,5,persistence,C2_hybrid,1,2022-09-21,100000.0
0,0.001,real,True,5,persistence,C2_hybrid,1,2022-09-22,100000.0
0,0.001,real,True,5,persistence,C2_hybrid,1,2022-09-23,100000.0
0,0.001,real,True,5,persistence,C2_hybrid,1,2022-09-26,100000.0
0,0.001,real,True,5,persistence,C2_hybrid,1,2022-09-27,100000.0
0,0.001,real,True,5,persistence,C2_hybrid,1,2022-09-28,100000.0
0,0.001,real,True,5,persistence,C2_hybrid,1,2022-09-29,100000.0
0,0.001,real,True,5,persistence,C2_hybrid,2,2022-10-06,100000.0
0,0.001,real,True,5,persistence,C2_hybrid,2,2022-10-07,100000.0
0,0.001,real,True,5,persistence,C2_hybrid,2,2022-10-10,100000.0
0,0.001,real,True,5,persistence,C2_hybrid,2,2022-10-11,100000.0
0,0.001,real,True,5,persistence,C2_hybrid,2,2022-10-12,100000.0
0,0.001,real,True,5,persistence,C2_hybrid,2,2022-10-13,100000.0
0,0.001,real,True,5,persistence,C2_hybrid,2,2022-10-14,100000.0
0,0.001,real,True,5,persistence,C2_hybrid,2,2022-10-17,100000.0
0,0.001,real,True,5,persistence,C2_hybrid,2,2022-10-18,100000.0
0,0.001,real,True,5,persistence,C2_hybrid,2,2022-10-19,100000.0
0,0.001,real,True,5,persistence,C2_hybrid,2,2022-10-20,100000.0
0,0.001,real,True,5,persistence,C2_hybrid,2,2022-10-21,100000.0
0,0.001,real,True,5,persistence,C2_hybrid,2,2022-10-24,100000.0
0,0.001,real,True,5,persistence,C2_hybrid,2,2022-10-25,100000.0
0,0.001,real,True,5,persistence,C2_hybrid,2,2022-10-26,100000.0
0,0.001,real,True,5,persistence,C2_hybrid,2,2022-10-27,100000.0
0,0.001,real,True,5,persistence,C2_hybrid,2,2022-10-28,100000.0
0,0.001,real,True,5,persistence,C2_hybrid,2,2022-10-31,100000.0
0,0.001,real,True,5,persistence,C2_hybrid,2,2022-11-01,100000.0
0,0.001,real,True,5,persistence,C2_hybrid,2,2022-11-02,100000.0
0,0.001,real,True,5,persistence,C2_hybrid,2,2022-11-03,100000.0
0,0.001,real,True,5,persistence,C2_hybrid,2,2022-11-04,100000.0
0,0.001,real,True,5,persistence,C2_hybrid,2,2022-11-07,100000.0
0,0.001,real,True,5,persistence,C2_hybrid,2,2022-11-08,100000.0
0,0.001,real,True,5,persistence,C2_hybrid,2,2022-11-09,100000.0
0,0.001,real,True,5,persistence,C2_hybrid,2,2022-11-10,100000.0
0,0.001,real,True,5,persistence,C2_hybrid,2,2022-11-11,100000.0
0,0.001,real,True,5,persistence,C2_hybrid,2,2022-11-14,100000.0
0,0.001,real,True,5,persistence,C2_hybrid,2,2022-11-15,100000.0
0,0.001,real,True,5,persistence,C2_hybrid,2,2022-11-16,100000.0
0,0.001,real,True,5,persistence,C2_hybrid,2,2022-11-17,100000.0
0,0.001,real,True,5,persistence,C2_hybrid,2,2022-11-18,100000.0
0,0.001,real,True,5,persistence,C2_hybrid,2,2022-11-21,100000.0
0,0.001,real,True,5,persistence,C2_hybrid,2,2022-11-22,100000.0
0,0.001,real,True,5,persistence,C2_hybrid,2,2022-11-23,100000.0
0,0.001,real,True,5,persistence,C2_hybrid,2,2022-11-25,100000.0
0,0.001,real,True,5,persistence,C2_hybrid,2,2022-11-28,100000.0
0,0.001,real,True,5,persistence,C2_hybrid,2,2022-11-29,100000.0
0,0.001,real,True,5,persistence,C2_hybrid,2,2022-11-30,100000.0
0,0.001,real,True,5,persistence,C2_hybrid,2,2022-12-01,100000.0
0,0.001,real,True,5,persistence,C2_hybrid,2,2022-12-02,100000.0
0,0.001,real,True,5,persistence,C2_hybrid,2,2022-12-05,100000.0
0,0.001,real,True,5,persistence,C2_hybrid,2,2022-12-06,100000.0
0,0.001,real,True,5,persistence,C2_hybrid,2,2022-12-07,100000.0
0,0.001,real,True,5,persistence,C2_hybrid,2,2022-12-08,100000.0
0,0.001,real,True,5,persistence,C2_hybrid,2,2022-12-09,100000.0
0,0.001,real,True,5,persistence,C2_hybrid,2,2022-12-12,100000.0
0,0.001,real,True,5,persistence,C2_hybrid,2,2022-12-13,100000.0
0,0.001,real,True,5,persistence,C2_hybrid,2,2022-12-14,100000.0
0,0.001,real,True,5,persistence,C2_hybrid,2,2022-12-15,100000.0
0,0.001,real,True,5,persistence,C2_hybrid,2,2022-12-16,100000.0
0,0.001,real,True,5,persistence,C2_hybrid,2,2022-12-19,100000.0
0,0.001,real,True,5,persistence,C2_hybrid,2,2022-12-20,100000.0
0,0.001,real,True,5,persistence,C2_hybrid,2,2022-12-21,100000.0
0,0.001,real,True,5,persistence,C2_hybrid,2,2022-12-22,100000.0
0,0.001,real,True,5,persistence,C2_hybrid,2,2022-12-23,100000.0
0,0.001,real,True,5,persistence,C2_hybrid,2,2022-12-27,100000.0
0,0.001,real,True,5,persistence,C2_hybrid,2,2022-12-28,100000.0
0,0.001,real,True,5,persistence,C2_hybrid,2,2022-12-29,100000.0
0,0.001,real,True,5,persistence,C2_hybrid,3,2023-01-06,100000.0
0,0.001,real,True,5,persistence,C2_hybrid,3,2023-01-09,100000.0
0,0.001,real,True,5,persistence,C2_hybrid,3,2023-01-10,100000.0
0,0.001,real,True,5,persistence,C2_hybrid,3,2023-01-11,100000.0
0,0.001,real,True,5,persistence,C2_hybrid,3,2023-01-12,100000.0
0,0.001,real,True,5,persistence,C2_hybrid,3,2023-01-13,100000.0
0,0.001,real,True,5,persistence,C2_hybrid,3,2023-01-17,100000.0
0,0.001,real,True,5,persistence,C2_hybrid,3,2023-01-18,100000.0
0,0.001,real,True,5,persistence,C2_hybrid,3,2023-01-19,100000.0
0,0.001,real,True,5,persistence,C2_hybrid,3,2023-01-20,100000.0
0,0.001,real,True,5,persistence,C2_hybrid,3,2023-01-23,100000.0
0,0.001,real,True,5,persistence,C2_hybrid,3,2023-01-24,100000.0
0,0.001,real,True,5,persistence,C2_hybrid,3,2023-01-25,100000.0
0,0.001,real,True,5,persistence,C2_hybrid,3,2023-01-26,100000.0
0,0.001,real,True,5,persistence,C2_hybrid,3,2023-01-27,100000.0
0,0.001,real,True,5,persistence,C2_hybrid,3,2023-01-30,100000.0
0,0.001,real,True,5,persistence,C2_hybrid,3,2023-01-31,100000.0
0,0.001,real,True,5,persistence,C2_hybrid,3,2023-02-01,100000.0
0,0.001,real,True,5,persistence,C2_hybrid,3,2023-02-02,100000.0
0,0.001,real,True,5,persistence,C2_hybrid,3,2023-02-03,100000.0
0,0.001,real,True,5,persistence,C2_hybrid,3,2023-02-06,100000.0
0,0.001,real,True,5,persistence,C2_hybrid,3,2023-02-07,100000.0
0,0.001,real,True,5,persistence,C2_hybrid,3,2023-02-08,100000.0
0,0.001,real,True,5,persistence,C2_hybrid,3,2023-02-09,100000.0
0,0.001,real,True,5,persistence,C2_hybrid,3,2023-02-10,100000.0
0,0.001,real,True,5,persistence,C2_hybrid,3,2023-02-13,100000.0
0,0.001,real,True,5,persistence,C2_hybrid,3,2023-02-14,100000.0
0,0.001,real,True,5,persistence,C2_hybrid,3,2023-02-15,100000.0
0,0.001,real,True,5,persistence,C2_hybrid,3,2023-02-16,100000.0
0,0.001,real,True,5,persistence,C2_hybrid,3,2023-02-17,100000.0
0,0.001,real,True,5,persistence,C2_hybrid,3,2023-02-21,100000.0
0,0.001,real,True,5,persistence,C2_hybrid,3,2023-02-22,100000.0
0,0.001,real,True,5,persistence,C2_hybrid,3,2023-02-23,100000.0
0,0.001,real,True,5,persistence,C2_hybrid,3,2023-02-24,100000.0
0,0.001,real,True,5,persistence,C2_hybrid,3,2023-02-27,100000.0
0,0.001,real,True,5,persistence,C2_hybrid,3,2023-02-28,100000.0
0,0.001,real,True,5,persistence,C2_hybrid,3,2023-03-01,100000.0
0,0.001,real,True,5,persistence,C2_hybrid,3,2023-03-02,100000.0
0,0.001,real,True,5,persistence,C2_hybrid,3,2023-03-03,100000.0
0,0.001,real,True,5,persistence,C2_hybrid,3,2023-03-06,100000.0
0,0.001,real,True,5,persistence,C2_hybrid,3,2023-03-07,100000.0
0,0.001,real,True,5,persistence,C2_hybrid,3,2023-03-08,100000.0
0,0.001,real,True,5,persistence,C2_hybrid,3,2023-03-09,100000.0
0,0.001,real,True,5,persistence,C2_hybrid,3,2023-03-10,100000.0
0,0.001,real,True,5,persistence,C2_hybrid,3,2023-03-13,100000.0
0,0.001,real,True,5,persistence,C2_hybrid,3,2023-03-14,100000.0
0,0.001,real,True,5,persistence,C2_hybrid,3,2023-03-15,100000.0
0,0.001,real,True,5,persistence,C2_hybrid,3,2023-03-16,100000.0
0,0.001,real,True,5,persistence,C2_hybrid,3,2023-03-17,100000.0
0,0.001,real,True,5,persistence,C2_hybrid,3,2023-03-20,100000.0
0,0.001,real,True,5,persistence,C2_hybrid,3,2023-03-21,100000.0
0,0.001,real,True,5,persistence,C2_hybrid,3,2023-03-22,100000.0
0,0.001,real,True,5,persistence,C2_hybrid,3,2023-03-23,100000.0
0,0.001,real,True,5,persistence,C2_hybrid,3,2023-03-24,100000.0
0,0.001,real,True,5,persistence,C2_hybrid,3,2023-03-27,100000.0
0,0.001,real,True,5,persistence,C2_hybrid,3,2023-03-28,100000.0
0,0.001,real,True,5,persistence,C2_hybrid,3,2023-03-29,100000.0
0,0.001,real,True,5,persistence,C2_hybrid,3,2023-03-30,100000.0
0,0.001,real,True,5,dlinear,C0_base,1,2022-07-06,100000.0
0,0.001,real,True,5,dlinear,C0_base,1,2022-07-07,100214.7876189512
0,0.001,real,True,5,dlinear,C0_base,1,2022-07-08,100145.41186510645
0,0.001,real,True,5,dlinear,C0_base,1,2022-07-11,99812.58418678469
0,0.001,real,True,5,dlinear,C0_base,1,2022-07-12,99694.15116376775
0,0.001,real,True,5,dlinear,C0_base,1,2022-07-13,99694.15116376775
0,0.001,real,True,5,dlinear,C0_base,1,2022-07-14,99694.15116376775
0,0.001,real,True,5,dlinear,C0_base,1,2022-07-15,99756.72311638483
0,0.001,real,True,5,dlinear,C0_base,1,2022-07-18,99972.5060723026
0,0.001,real,True,5,dlinear,C0_base,1,2022-07-19,100214.42388163644
0,0.001,real,True,5,dlinear,C0_base,1,2022-07-20,100214.42388163644
0,0.001,real,True,5,dlinear,C0_base,1,2022-07-21,100214.42388163644
0,0.001,real,True,5,dlinear,C0_base,1,2022-07-22,100214.42388163644
0,0.001,real,True,5,dlinear,C0_base,1,2022-07-25,100214.42388163644
0,0.001,real,True,5,dlinear,C0_base,1,2022-07-26,100214.42388163644
0,0.001,real,True,5,dlinear,C0_base,1,2022-07-27,100214.42388163644
0,0.001,real,True,5,dlinear,C0_base,1,2022-07-28,100214.42388163644
0,0.001,real,True,5,dlinear,C0_base,1,2022-07-29,100214.42388163644
0,0.001,real,True,5,dlinear,C0_base,1,2022-08-01,100214.42388163644
0,0.001,real,True,5,dlinear,C0_base,1,2022-08-02,100214.42388163644
0,0.001,real,True,5,dlinear,C0_base,1,2022-08-03,100214.42388163644
0,0.001,real,True,5,dlinear,C0_base,1,2022-08-04,100214.42388163644
0,0.001,real,True,5,dlinear,C0_base,1,2022-08-05,100214.42388163644
0,0.001,real,True,5,dlinear,C0_base,1,2022-08-08,100214.42388163644
0,0.001,real,True,5,dlinear,C0_base,1,2022-08-09,100214.42388163644
0,0.001,real,True,5,dlinear,C0_base,1,2022-08-10,100214.42388163644
0,0.001,real,True,5,dlinear,C0_base,1,2022-08-11,100214.42388163644
0,0.001,real,True,5,dlinear,C0_base,1,2022-08-12,100214.42388163644
0,0.001,real,True,5,dlinear,C0_base,1,2022-08-15,100238.07949246581
0,0.001,real,True,5,dlinear,C0_base,1,2022-08-16,100350.3425345649
0,0.001,real,True,5,dlinear,C0_base,1,2022-08-17,100162.3031702616
0,0.001,real,True,5,dlinear,C0_base,1,2022-08-18,100176.33578286906
0,0.001,real,True,5,dlinear,C0_base,1,2022-08-19,100044.97870013937
0,0.001,real,True,5,dlinear,C0_base,1,2022-08-22,100044.97870013937
0,0.001,real,True,5,dlinear,C0_base,1,2022-08-23,100044.97870013937
0,0.001,real,True,5,dlinear,C0_base,1,2022-08-24,100044.97870013937
0,0.001,real,True,5,dlinear,C0_base,1,2022-08-25,100044.97870013937
0,0.001,real,True,5,dlinear,C0_base,1,2022-08-26,100044.97870013937
0,0.001,real,True,5,dlinear,C0_base,1,2022-08-29,100044.97870013937
0,0.001,real,True,5,dlinear,C0_base,1,2022-08-30,100044.97870013937
0,0.001,real,True,5,dlinear,C0_base,1,2022-08-31,100044.97870013937
0,0.001,real,True,5,dlinear,C0_base,1,2022-09-01,100044.97870013937
0,0.001,real,True,5,dlinear,C0_base,1,2022-09-02,100044.97870013937
0,0.001,real,True,5,dlinear,C0_base,1,2022-09-06,100044.97870013937
0,0.001,real,True,5,dlinear,C0_base,1,2022-09-07,100044.97870013937
0,0.001,real,True,5,dlinear,C0_base,1,2022-09-08,100044.97870013937
0,0.001,real,True,5,dlinear,C0_base,1,2022-09-09,100044.97870013937
0,0.001,real,True,5,dlinear,C0_base,1,2022-09-12,100044.97870013937
0,0.001,real,True,5,dlinear,C0_base,1,2022-09-13,100044.97870013937
0,0.001,real,True,5,dlinear,C0_base,1,2022-09-14,100044.97870013937
0,0.001,real,True,5,dlinear,C0_base,1,2022-09-15,99866.17218335412
0,0.001,real,True,5,dlinear,C0_base,1,2022-09-16,99738.99229707572
0,0.001,real,True,5,dlinear,C0_base,1,2022-09-19,99820.30965831778
0,0.001,real,True,5,dlinear,C0_base,1,2022-09-20,99735.17728881826
0,0.001,real,True,5,dlinear,C0_base,1,2022-09-21,99624.46671464964
0,0.001,real,True,5,dlinear,C0_base,1,2022-09-22,99369.68138589451
0,0.001,real,True,5,dlinear,C0_base,1,2022-09-23,99243.83550513662
0,0.001,real,True,5,dlinear,C0_base,1,2022-09-26,99012.61056720013
0,0.001,real,True,5,dlinear,C0_base,1,2022-09-27,99063.96519983321
0,0.001,real,True,5,dlinear,C0_base,1,2022-09-28,99561.00081941453
0,0.001,real,True,5,dlinear,C0_base,1,2022-09-29,98796.10252456367
0,0.001,real,True,5,dlinear,C0_base,2,2022-10-06,100000.0
0,0.001,real,True,5,dlinear,C0_base,2,2022-10-07,100000.0
0,0.001,real,True,5,dlinear,C0_base,2,2022-10-10,100000.0
0,0.001,real,True,5,dlinear,C0_base,2,2022-10-11,100000.0
0,0.001,real,True,5,dlinear,C0_base,2,2022-10-12,100000.0
0,0.001,real,True,5,dlinear,C0_base,2,2022-10-13,100000.0
0,0.001,real,True,5,dlinear,C0_base,2,2022-10-14,100000.0
0,0.001,real,True,5,dlinear,C0_base,2,2022-10-17,100000.0
0,0.001,real,True,5,dlinear,C0_base,2,2022-10-18,100000.0
0,0.001,real,True,5,dlinear,C0_base,2,2022-10-19,100000.0
0,0.001,real,True,5,dlinear,C0_base,2,2022-10-20,100000.0
0,0.001,real,True,5,dlinear,C0_base,2,2022-10-21,100000.0
0,0.001,real,True,5,dlinear,C0_base,2,2022-10-24,100000.0
0,0.001,real,True,5,dlinear,C0_base,2,2022-10-25,100000.0
0,0.001,real,True,5,dlinear,C0_base,2,2022-10-26,100000.0
0,0.001,real,True,5,dlinear,C0_base,2,2022-10-27,100000.0
0,0.001,real,True,5,dlinear,C0_base,2,2022-10-28,100000.0
0,0.001,real,True,5,dlinear,C0_base,2,2022-10-31,100000.0
0,0.001,real,True,5,dlinear,C0_base,2,2022-11-01,100000.0
0,0.001,real,True,5,dlinear,C0_base,2,2022-11-02,100000.0
0,0.001,real,True,5,dlinear,C0_base,2,2022-11-03,100000.0
0,0.001,real,True,5,dlinear,C0_base,2,2022-11-04,100000.0
0,0.001,real,True,5,dlinear,C0_base,2,2022-11-07,100000.0
0,0.001,real,True,5,dlinear,C0_base,2,2022-11-08,100000.0
0,0.001,real,True,5,dlinear,C0_base,2,2022-11-09,100000.0
0,0.001,real,True,5,dlinear,C0_base,2,2022-11-10,100000.0
0,0.001,real,True,5,dlinear,C0_base,2,2022-11-11,100000.0
0,0.001,real,True,5,dlinear,C0_base,2,2022-11-14,100000.0
0,0.001,real,True,5,dlinear,C0_base,2,2022-11-15,100000.0
0,0.001,real,True,5,dlinear,C0_base,2,2022-11-16,100000.0
0,0.001,real,True,5,dlinear,C0_base,2,2022-11-17,100000.0
0,0.001,real,True,5,dlinear,C0_base,2,2022-11-18,100000.0
0,0.001,real,True,5,dlinear,C0_base,2,2022-11-21,100000.0
0,0.001,real,True,5,dlinear,C0_base,2,2022-11-22,100000.0
0,0.001,real,True,5,dlinear,C0_base,2,2022-11-23,100000.0
0,0.001,real,True,5,dlinear,C0_base,2,2022-11-25,100000.0
0,0.001,real,True,5,dlinear,C0_base,2,2022-11-28,100000.0
0,0.001,real,True,5,dlinear,C0_base,2,2022-11-29,100000.0
0,0.001,real,True,5,dlinear,C0_base,2,2022-11-30,100000.0
0,0.001,real,True,5,dlinear,C0_base,2,2022-12-01,100000.0
0,0.001,real,True,5,dlinear,C0_base,2,2022-12-02,100000.0
0,0.001,real,True,5,dlinear,C0_base,2,2022-12-05,100000.0
0,0.001,real,True,5,dlinear,C0_base,2,2022-12-06,100000.0
0,0.001,real,True,5,dlinear,C0_base,2,2022-12-07,100000.0
0,0.001,real,True,5,dlinear,C0_base,2,2022-12-08,100000.0
0,0.001,real,True,5,dlinear,C0_base,2,2022-12-09,100000.0
0,0.001,real,True,5,dlinear,C0_base,2,2022-12-12,100000.0
0,0.001,real,True,5,dlinear,C0_base,2,2022-12-13,100000.0
0,0.001,real,True,5,dlinear,C0_base,2,2022-12-14,100000.0
0,0.001,real,True,5,dlinear,C0_base,2,2022-12-15,100000.0
0,0.001,real,True,5,dlinear,C0_base,2,2022-12-16,100000.0
0,0.001,real,True,5,dlinear,C0_base,2,2022-12-19,100000.0
0,0.001,real,True,5,dlinear,C0_base,2,2022-12-20,100000.0
0,0.001,real,True,5,dlinear,C0_base,2,2022-12-21,100000.0
0,0.001,real,True,5,dlinear,C0_base,2,2022-12-22,100000.0
0,0.001,real,True,5,dlinear,C0_base,2,2022-12-23,100000.0
0,0.001,real,True,5,dlinear,C0_base,2,2022-12-27,100000.0
0,0.001,real,True,5,dlinear,C0_base,2,2022-12-28,100000.0
0,0.001,real,True,5,dlinear,C0_base,2,2022-12-29,100000.0
0,0.001,real,True,5,dlinear,C0_base,3,2023-01-06,100000.0
0,0.001,real,True,5,dlinear,C0_base,3,2023-01-09,100000.0
0,0.001,real,True,5,dlinear,C0_base,3,2023-01-10,100000.0
0,0.001,real,True,5,dlinear,C0_base,3,2023-01-11,100000.0
0,0.001,real,True,5,dlinear,C0_base,3,2023-01-12,100000.0
0,0.001,real,True,5,dlinear,C0_base,3,2023-01-13,100000.0
0,0.001,real,True,5,dlinear,C0_base,3,2023-01-17,100000.0
0,0.001,real,True,5,dlinear,C0_base,3,2023-01-18,100000.0
0,0.001,real,True,5,dlinear,C0_base,3,2023-01-19,100000.0
0,0.001,real,True,5,dlinear,C0_base,3,2023-01-20,100000.0
0,0.001,real,True,5,dlinear,C0_base,3,2023-01-23,100000.0
0,0.001,real,True,5,dlinear,C0_base,3,2023-01-24,100000.0
0,0.001,real,True,5,dlinear,C0_base,3,2023-01-25,100000.0
0,0.001,real,True,5,dlinear,C0_base,3,2023-01-26,100000.0
0,0.001,real,True,5,dlinear,C0_base,3,2023-01-27,100000.0
0,0.001,real,True,5,dlinear,C0_base,3,2023-01-30,100000.0
0,0.001,real,True,5,dlinear,C0_base,3,2023-01-31,100000.0
0,0.001,real,True,5,dlinear,C0_base,3,2023-02-01,100000.0
0,0.001,real,True,5,dlinear,C0_base,3,2023-02-02,100000.0
0,0.001,real,True,5,dlinear,C0_base,3,2023-02-03,100000.0
0,0.001,real,True,5,dlinear,C0_base,3,2023-02-06,100000.0
0,0.001,real,True,5,dlinear,C0_base,3,2023-02-07,100000.0
0,0.001,real,True,5,dlinear,C0_base,3,2023-02-08,100000.0
0,0.001,real,True,5,dlinear,C0_base,3,2023-02-09,100000.0
0,0.001,real,True,5,dlinear,C0_base,3,2023-02-10,100000.0
0,0.001,real,True,5,dlinear,C0_base,3,2023-02-13,100000.0
0,0.001,real,True,5,dlinear,C0_base,3,2023-02-14,100000.0
0,0.001,real,True,5,dlinear,C0_base,3,2023-02-15,100000.0
0,0.001,real,True,5,dlinear,C0_base,3,2023-02-16,100000.0
0,0.001,real,True,5,dlinear,C0_base,3,2023-02-17,100000.0
0,0.001,real,True,5,dlinear,C0_base,3,2023-02-21,100000.0
0,0.001,real,True,5,dlinear,C0_base,3,2023-02-22,100000.0
0,0.001,real,True,5,dlinear,C0_base,3,2023-02-23,100000.0
0,0.001,real,True,5,dlinear,C0_base,3,2023-02-24,100000.0
0,0.001,real,True,5,dlinear,C0_base,3,2023-02-27,100000.0
0,0.001,real,True,5,dlinear,C0_base,3,2023-02-28,100000.0
0,0.001,real,True,5,dlinear,C0_base,3,2023-03-01,100000.0
0,0.001,real,True,5,dlinear,C0_base,3,2023-03-02,100000.0
0,0.001,real,True,5,dlinear,C0_base,3,2023-03-03,100000.0
0,0.001,real,True,5,dlinear,C0_base,3,2023-03-06,100000.0
0,0.001,real,True,5,dlinear,C0_base,3,2023-03-07,100000.0
0,0.001,real,True,5,dlinear,C0_base,3,2023-03-08,100000.0
0,0.001,real,True,5,dlinear,C0_base,3,2023-03-09,100000.0
0,0.001,real,True,5,dlinear,C0_base,3,2023-03-10,100000.0
0,0.001,real,True,5,dlinear,C0_base,3,2023-03-13,100000.0
0,0.001,real,True,5,dlinear,C0_base,3,2023-03-14,100000.0
0,0.001,real,True,5,dlinear,C0_base,3,2023-03-15,100000.0
0,0.001,real,True,5,dlinear,C0_base,3,2023-03-16,100000.0
0,0.001,real,True,5,dlinear,C0_base,3,2023-03-17,100000.0
0,0.001,real,True,5,dlinear,C0_base,3,2023-03-20,100000.0
0,0.001,real,True,5,dlinear,C0_base,3,2023-03-21,100000.0
0,0.001,real,True,5,dlinear,C0_base,3,2023-03-22,100000.0
0,0.001,real,True,5,dlinear,C0_base,3,2023-03-23,100000.0
0,0.001,real,True,5,dlinear,C0_base,3,2023-03-24,100000.0
0,0.001,real,True,5,dlinear,C0_base,3,2023-03-27,100000.0
0,0.001,real,True,5,dlinear,C0_base,3,2023-03-28,100000.0
0,0.001,real,True,5,dlinear,C0_base,3,2023-03-29,100000.0
0,0.001,real,True,5,dlinear,C0_base,3,2023-03-30,100000.0
0,0.001,real,True,5,dlinear,C2_hybrid,1,2022-07-06,100000.0
0,0.001,real,True,5,dlinear,C2_hybrid,1,2022-07-07,100000.0
0,0.001,real,True,5,dlinear,C2_hybrid,1,2022-07-08,100000.0
0,0.001,real,True,5,dlinear,C2_hybrid,1,2022-07-11,100000.0
0,0.001,real,True,5,dlinear,C2_hybrid,1,2022-07-12,100000.0
0,0.001,real,True,5,dlinear,C2_hybrid,1,2022-07-13,100000.0
0,0.001,real,True,5,dlinear,C2_hybrid,1,2022-07-14,100000.0
0,0.001,real,True,5,dlinear,C2_hybrid,1,2022-07-15,100000.0
0,0.001,real,True,5,dlinear,C2_hybrid,1,2022-07-18,100000.0
0,0.001,real,True,5,dlinear,C2_hybrid,1,2022-07-19,100000.0
0,0.001,real,True,5,dlinear,C2_hybrid,1,2022-07-20,100000.0
0,0.001,real,True,5,dlinear,C2_hybrid,1,2022-07-21,100000.0
0,0.001,real,True,5,dlinear,C2_hybrid,1,2022-07-22,100000.0
0,0.001,real,True,5,dlinear,C2_hybrid,1,2022-07-25,100000.0
0,0.001,real,True,5,dlinear,C2_hybrid,1,2022-07-26,100000.0
0,0.001,real,True,5,dlinear,C2_hybrid,1,2022-07-27,100000.0
0,0.001,real,True,5,dlinear,C2_hybrid,1,2022-07-28,100000.0
0,0.001,real,True,5,dlinear,C2_hybrid,1,2022-07-29,100000.0
0,0.001,real,True,5,dlinear,C2_hybrid,1,2022-08-01,100000.0
0,0.001,real,True,5,dlinear,C2_hybrid,1,2022-08-02,100000.0
0,0.001,real,True,5,dlinear,C2_hybrid,1,2022-08-03,100000.0
0,0.001,real,True,5,dlinear,C2_hybrid,1,2022-08-04,100000.0
0,0.001,real,True,5,dlinear,C2_hybrid,1,2022-08-05,100000.0
0,0.001,real,True,5,dlinear,C2_hybrid,1,2022-08-08,100000.0
0,0.001,real,True,5,dlinear,C2_hybrid,1,2022-08-09,100000.0
0,0.001,real,True,5,dlinear,C2_hybrid,1,2022-08-10,100000.0
0,0.001,real,True,5,dlinear,C2_hybrid,1,2022-08-11,100000.0
0,0.001,real,True,5,dlinear,C2_hybrid,1,2022-08-12,100000.0
0,0.001,real,True,5,dlinear,C2_hybrid,1,2022-08-15,100023.60499608063
0,0.001,real,True,5,dlinear,C2_hybrid,1,2022-08-16,100135.6278344618
0,0.001,real,True,5,dlinear,C2_hybrid,1,2022-08-17,99947.99080875164
0,0.001,real,True,5,dlinear,C2_hybrid,1,2022-08-18,99961.99339646703
0,0.001,real,True,5,dlinear,C2_hybrid,1,2022-08-19,99694.15116376961
0,0.001,real,True,5,dlinear,C2_hybrid,1,2022-08-22,99694.15116376961
0,0.001,real,True,5,dlinear,C2_hybrid,1,2022-08-23,99694.15116376961
0,0.001,real,True,5,dlinear,C2_hybrid,1,2022-08-24,99694.15116376961
0,0.001,real,True,5,dlinear,C2_hybrid,1,2022-08-25,99694.15116376961
0,0.001,real,True,5,dlinear,C2_hybrid,1,2022-08-26,99694.15116376961
0,0.001,real,True,5,dlinear,C2_hybrid,1,2022-08-29,99694.15116376961
0,0.001,real,True,5,dlinear,C2_hybrid,1,2022-08-30,99694.15116376961
0,0.001,real,True,5,dlinear,C2_hybrid,1,2022-08-31,99694.15116376961
0,0.001,real,True,5,dlinear,C2_hybrid,1,2022-09-01,99694.15116376961
0,0.001,real,True,5,dlinear,C2_hybrid,1,2022-09-02,99694.15116376961
0,0.001,real,True,5,dlinear,C2_hybrid,1,2022-09-06,99694.15116376961
0,0.001,real,True,5,dlinear,C2_hybrid,1,2022-09-07,99694.15116376961
0,0.001,real,True,5,dlinear,C2_hybrid,1,2022-09-08,99694.15116376961
0,0.001,real,True,5,dlinear,C2_hybrid,1,2022-09-09,99694.15116376961
0,0.001,real,True,5,dlinear,C2_hybrid,1,2022-09-12,99694.15116376961
0,0.001,real,True,5,dlinear,C2_hybrid,1,2022-09-13,99694.15116376961
0,0.001,real,True,5,dlinear,C2_hybrid,1,2022-09-14,99694.15116376961
0,0.001,real,True,5,dlinear,C2_hybrid,1,2022-09-15,99694.15116376961
0,0.001,real,True,5,dlinear,C2_hybrid,1,2022-09-16,99715.4357485839
0,0.001,real,True,5,dlinear,C2_hybrid,1,2022-09-19,100263.97874078112
0,0.001,real,True,5,dlinear,C2_hybrid,1,2022-09-20,99948.7734551105
0,0.001,real,True,5,dlinear,C2_hybrid,1,2022-09-21,99158.9887065951
0,0.001,real,True,5,dlinear,C2_hybrid,1,2022-09-22,99262.11532707006
0,0.001,real,True,5,dlinear,C2_hybrid,1,2022-09-23,98536.20178785102
0,0.001,real,True,5,dlinear,C2_hybrid,1,2022-09-26,98539.29083695626
0,0.001,real,True,5,dlinear,C2_hybrid,1,2022-09-27,98508.97286572788
0,0.001,real,True,5,dlinear,C2_hybrid,1,2022-09-28,98426.56176285564
0,0.001,real,True,5,dlinear,C2_hybrid,1,2022-09-29,97869.50508464171
0,0.001,real,True,5,dlinear,C2_hybrid,2,2022-10-06,100000.0
0,0.001,real,True,5,dlinear,C2_hybrid,2,2022-10-07,100000.0
0,0.001,real,True,5,dlinear,C2_hybrid,2,2022-10-10,100000.0
0,0.001,real,True,5,dlinear,C2_hybrid,2,2022-10-11,100000.0
0,0.001,real,True,5,dlinear,C2_hybrid,2,2022-10-12,100000.0
0,0.001,real,True,5,dlinear,C2_hybrid,2,2022-10-13,100000.0
0,0.001,real,True,5,dlinear,C2_hybrid,2,2022-10-14,100000.0
0,0.001,real,True,5,dlinear,C2_hybrid,2,2022-10-17,100000.0
0,0.001,real,True,5,dlinear,C2_hybrid,2,2022-10-18,100000.0
0,0.001,real,True,5,dlinear,C2_hybrid,2,2022-10-19,100000.0
0,0.001,real,True,5,dlinear,C2_hybrid,2,2022-10-20,100000.0
0,0.001,real,True,5,dlinear,C2_hybrid,2,2022-10-21,100000.0
0,0.001,real,True,5,dlinear,C2_hybrid,2,2022-10-24,100000.0
0,0.001,real,True,5,dlinear,C2_hybrid,2,2022-10-25,100000.0
0,0.001,real,True,5,dlinear,C2_hybrid,2,2022-10-26,100000.0
0,0.001,real,True,5,dlinear,C2_hybrid,2,2022-10-27,100000.0
0,0.001,real,True,5,dlinear,C2_hybrid,2,2022-10-28,100000.0
0,0.001,real,True,5,dlinear,C2_hybrid,2,2022-10-31,100000.0
0,0.001,real,True,5,dlinear,C2_hybrid,2,2022-11-01,100000.0
0,0.001,real,True,5,dlinear,C2_hybrid,2,2022-11-02,100000.0
0,0.001,real,True,5,dlinear,C2_hybrid,2,2022-11-03,100000.0
0,0.001,real,True,5,dlinear,C2_hybrid,2,2022-11-04,100000.0
0,0.001,real,True,5,dlinear,C2_hybrid,2,2022-11-07,100000.0
0,0.001,real,True,5,dlinear,C2_hybrid,2,2022-11-08,100000.0
0,0.001,real,True,5,dlinear,C2_hybrid,2,2022-11-09,100000.0
0,0.001,real,True,5,dlinear,C2_hybrid,2,2022-11-10,100000.0
0,0.001,real,True,5,dlinear,C2_hybrid,2,2022-11-11,100000.0
0,0.001,real,True,5,dlinear,C2_hybrid,2,2022-11-14,100000.0
0,0.001,real,True,5,dlinear,C2_hybrid,2,2022-11-15,100000.0
0,0.001,real,True,5,dlinear,C2_hybrid,2,2022-11-16,100000.0
0,0.001,real,True,5,dlinear,C2_hybrid,2,2022-11-17,100000.0
0,0.001,real,True,5,dlinear,C2_hybrid,2,2022-11-18,100000.0
0,0.001,real,True,5,dlinear,C2_hybrid,2,2022-11-21,100000.0
0,0.001,real,True,5,dlinear,C2_hybrid,2,2022-11-22,100000.0
0,0.001,real,True,5,dlinear,C2_hybrid,2,2022-11-23,100000.0
0,0.001,real,True,5,dlinear,C2_hybrid,2,2022-11-25,100000.0
0,0.001,real,True,5,dlinear,C2_hybrid,2,2022-11-28,100000.0
0,0.001,real,True,5,dlinear,C2_hybrid,2,2022-11-29,100000.0
0,0.001,real,True,5,dlinear,C2_hybrid,2,2022-11-30,100000.0
0,0.001,real,True,5,dlinear,C2_hybrid,2,2022-12-01,100000.0
0,0.001,real,True,5,dlinear,C2_hybrid,2,2022-12-02,100000.0
0,0.001,real,True,5,dlinear,C2_hybrid,2,2022-12-05,100000.0
0,0.001,real,True,5,dlinear,C2_hybrid,2,2022-12-06,100000.0
0,0.001,real,True,5,dlinear,C2_hybrid,2,2022-12-07,100000.0
0,0.001,real,True,5,dlinear,C2_hybrid,2,2022-12-08,100000.0
0,0.001,real,True,5,dlinear,C2_hybrid,2,2022-12-09,100000.0
0,0.001,real,True,5,dlinear,C2_hybrid,2,2022-12-12,100000.0
0,0.001,real,True,5,dlinear,C2_hybrid,2,2022-12-13,100000.0
0,0.001,real,True,5,dlinear,C2_hybrid,2,2022-12-14,100000.0
0,0.001,real,True,5,dlinear,C2_hybrid,2,2022-12-15,100000.0
0,0.001,real,True,5,dlinear,C2_hybrid,2,2022-12-16,100000.0
0,0.001,real,True,5,dlinear,C2_hybrid,2,2022-12-19,100000.0
0,0.001,real,True,5,dlinear,C2_hybrid,2,2022-12-20,100000.0
0,0.001,real,True,5,dlinear,C2_hybrid,2,2022-12-21,100000.0
0,0.001,real,True,5,dlinear,C2_hybrid,2,2022-12-22,100000.0
0,0.001,real,True,5,dlinear,C2_hybrid,2,2022-12-23,100000.0
0,0.001,real,True,5,dlinear,C2_hybrid,2,2022-12-27,100000.0
0,0.001,real,True,5,dlinear,C2_hybrid,2,2022-12-28,100000.0
0,0.001,real,True,5,dlinear,C2_hybrid,2,2022-12-29,100000.0
0,0.001,real,True,5,dlinear,C2_hybrid,3,2023-01-06,100000.0
0,0.001,real,True,5,dlinear,C2_hybrid,3,2023-01-09,100000.0
0,0.001,real,True,5,dlinear,C2_hybrid,3,2023-01-10,100000.0
0,0.001,real,True,5,dlinear,C2_hybrid,3,2023-01-11,100000.0
0,0.001,real,True,5,dlinear,C2_hybrid,3,2023-01-12,100000.0
0,0.001,real,True,5,dlinear,C2_hybrid,3,2023-01-13,100000.0
0,0.001,real,True,5,dlinear,C2_hybrid,3,2023-01-17,100000.0
0,0.001,real,True,5,dlinear,C2_hybrid,3,2023-01-18,100000.0
0,0.001,real,True,5,dlinear,C2_hybrid,3,2023-01-19,100000.0
0,0.001,real,True,5,dlinear,C2_hybrid,3,2023-01-20,100000.0
0,0.001,real,True,5,dlinear,C2_hybrid,3,2023-01-23,100000.0
0,0.001,real,True,5,dlinear,C2_hybrid,3,2023-01-24,100000.0
0,0.001,real,True,5,dlinear,C2_hybrid,3,2023-01-25,100000.0
0,0.001,real,True,5,dlinear,C2_hybrid,3,2023-01-26,100000.0
0,0.001,real,True,5,dlinear,C2_hybrid,3,2023-01-27,100000.0
0,0.001,real,True,5,dlinear,C2_hybrid,3,2023-01-30,100000.0
0,0.001,real,True,5,dlinear,C2_hybrid,3,2023-01-31,100000.0
0,0.001,real,True,5,dlinear,C2_hybrid,3,2023-02-01,100000.0
0,0.001,real,True,5,dlinear,C2_hybrid,3,2023-02-02,100000.0
0,0.001,real,True,5,dlinear,C2_hybrid,3,2023-02-03,100000.0
0,0.001,real,True,5,dlinear,C2_hybrid,3,2023-02-06,100000.0
0,0.001,real,True,5,dlinear,C2_hybrid,3,2023-02-07,100000.0
0,0.001,real,True,5,dlinear,C2_hybrid,3,2023-02-08,100000.0
0,0.001,real,True,5,dlinear,C2_hybrid,3,2023-02-09,100000.0
0,0.001,real,True,5,dlinear,C2_hybrid,3,2023-02-10,100000.0
0,0.001,real,True,5,dlinear,C2_hybrid,3,2023-02-13,100000.0
0,0.001,real,True,5,dlinear,C2_hybrid,3,2023-02-14,100000.0
0,0.001,real,True,5,dlinear,C2_hybrid,3,2023-02-15,100000.0
0,0.001,real,True,5,dlinear,C2_hybrid,3,2023-02-16,100000.0
0,0.001,real,True,5,dlinear,C2_hybrid,3,2023-02-17,100000.0
0,0.001,real,True,5,dlinear,C2_hybrid,3,2023-02-21,100000.0
0,0.001,real,True,5,dlinear,C2_hybrid,3,2023-02-22,100000.0
0,0.001,real,True,5,dlinear,C2_hybrid,3,2023-02-23,100000.0
0,0.001,real,True,5,dlinear,C2_hybrid,3,2023-02-24,100000.0
0,0.001,real,True,5,dlinear,C2_hybrid,3,2023-02-27,100000.0
0,0.001,real,True,5,dlinear,C2_hybrid,3,2023-02-28,100000.0
0,0.001,real,True,5,dlinear,C2_hybrid,3,2023-03-01,100000.0
0,0.001,real,True,5,dlinear,C2_hybrid,3,2023-03-02,100000.0
0,0.001,real,True,5,dlinear,C2_hybrid,3,2023-03-03,100000.0
0,0.001,real,True,5,dlinear,C2_hybrid,3,2023-03-06,100000.0
0,0.001,real,True,5,dlinear,C2_hybrid,3,2023-03-07,100000.0
0,0.001,real,True,5,dlinear,C2_hybrid,3,2023-03-08,100000.0
0,0.001,real,True,5,dlinear,C2_hybrid,3,2023-03-09,100000.0
0,0.001,real,True,5,dlinear,C2_hybrid,3,2023-03-10,100000.0
0,0.001,real,True,5,dlinear,C2_hybrid,3,2023-03-13,100000.0
0,0.001,real,True,5,dlinear,C2_hybrid,3,2023-03-14,100000.0
0,0.001,real,True,5,dlinear,C2_hybrid,3,2023-03-15,100000.0
0,0.001,real,True,5,dlinear,C2_hybrid,3,2023-03-16,100000.0
0,0.001,real,True,5,dlinear,C2_hybrid,3,2023-03-17,100000.0
0,0.001,real,True,5,dlinear,C2_hybrid,3,2023-03-20,100000.0
0,0.001,real,True,5,dlinear,C2_hybrid,3,2023-03-21,100000.0
0,0.001,real,True,5,dlinear,C2_hybrid,3,2023-03-22,100000.0
0,0.001,real,True,5,dlinear,C2_hybrid,3,2023-03-23,100000.0
0,0.001,real,True,5,dlinear,C2_hybrid,3,2023-03-24,100000.0
0,0.001,real,True,5,dlinear,C2_hybrid,3,2023-03-27,100000.0
0,0.001,real,True,5,dlinear,C2_hybrid,3,2023-03-28,100000.0
0,0.001,real,True,5,dlinear,C2_hybrid,3,2023-03-29,100000.0
0,0.001,real,True,5,dlinear,C2_hybrid,3,2023-03-30,100000.0
0,0.001,real,True,5,fits,C0_base,1,2022-07-06,100000.0
0,0.001,real,True,5,fits,C0_base,1,2022-07-07,100000.0
0,0.001,real,True,5,fits,C0_base,1,2022-07-08,100000.0
0,0.001,real,True,5,fits,C0_base,1,2022-07-11,100000.0
0,0.001,real,True,5,fits,C0_base,1,2022-07-12,100000.0
0,0.001,real,True,5,fits,C0_base,1,2022-07-13,100000.0
0,0.001,real,True,5,fits,C0_base,1,2022-07-14,100000.0
0,0.001,real,True,5,fits,C0_base,1,2022-07-15,100113.34597457059
0,0.001,real,True,5,fits,C0_base,1,2022-07-18,99925.07937471924
0,0.001,real,True,5,fits,C0_base,1,2022-07-19,100356.73223797209
0,0.001,real,True,5,fits,C0_base,1,2022-07-20,100492.90316267575
0,0.001,real,True,5,fits,C0_base,1,2022-07-21,100587.26679256026
0,0.001,real,True,5,fits,C0_base,1,2022-07-22,100587.26679256026
0,0.001,real,True,5,fits,C0_base,1,2022-07-25,100587.26679256026
0,0.001,real,True,5,fits,C0_base,1,2022-07-26,100587.26679256026
0,0.001,real,True,5,fits,C0_base,1,2022-07-27,100587.26679256026
0,0.001,real,True,5,fits,C0_base,1,2022-07-28,100587.26679256026
0,0.001,real,True,5,fits,C0_base,1,2022-07-29,100587.26679256026
0,0.001,real,True,5,fits,C0_base,1,2022-08-01,100587.26679256026
0,0.001,real,True,5,fits,C0_base,1,2022-08-02,100587.26679256026
0,0.001,real,True,5,fits,C0_base,1,2022-08-03,100587.26679256026
0,0.001,real,True,5,fits,C0_base,1,2022-08-04,100587.26679256026
0,0.001,real,True,5,fits,C0_base,1,2022-08-05,100587.26679256026
0,0.001,real,True,5,fits,C0_base,1,2022-08-08,100587.26679256026
0,0.001,real,True,5,fits,C0_base,1,2022-08-09,100587.26679256026
0,0.001,real,True,5,fits,C0_base,1,2022-08-10,100587.26679256026
0,0.001,real,True,5,fits,C0_base,1,2022-08-11,100587.26679256026
0,0.001,real,True,5,fits,C0_base,1,2022-08-12,100834.99709906342
0,0.001,real,True,5,fits,C0_base,1,2022-08-15,100932.99812935673
0,0.001,real,True,5,fits,C0_base,1,2022-08-16,100891.74477288923
0,0.001,real,True,5,fits,C0_base,1,2022-08-17,100801.97321086728
0,0.001,real,True,5,fits,C0_base,1,2022-08-18,100738.47952555094
0,0.001,real,True,5,fits,C0_base,1,2022-08-19,100738.47952555094
0,0.001,real,True,5,fits,C0_base,1,2022-08-22,100738.47952555094
0,0.001,real,True,5,fits,C0_base,1,2022-08-23,100738.47952555094
0,0.001,real,True,5,fits,C0_base,1,2022-08-24,100738.47952555094
0,0.001,real,True,5,fits,C0_base,1,2022-08-25,100738.47952555094
0,0.001,real,True,5,fits,C0_base,1,2022-08-26,100738.47952555094
0,0.001,real,True,5,fits,C0_base,1,2022-08-29,100738.47952555094
0,0.001,real,True,5,fits,C0_base,1,2022-08-30,100738.47952555094
0,0.001,real,True,5,fits,C0_base,1,2022-08-31,100738.47952555094
0,0.001,real,True,5,fits,C0_base,1,2022-09-01,100738.47952555094
0,0.001,real,True,5,fits,C0_base,1,2022-09-02,100738.47952555094
0,0.001,real,True,5,fits,C0_base,1,2022-09-06,100738.47952555094
0,0.001,real,True,5,fits,C0_base,1,2022-09-07,100738.47952555094
0,0.001,real,True,5,fits,C0_base,1,2022-09-08,100738.47952555094
0,0.001,real,True,5,fits,C0_base,1,2022-09-09,100738.47952555094
0,0.001,real,True,5,fits,C0_base,1,2022-09-12,100738.47952555094
0,0.001,real,True,5,fits,C0_base,1,2022-09-13,100738.47952555094
0,0.001,real,True,5,fits,C0_base,1,2022-09-14,100738.47952555094
0,0.001,real,True,5,fits,C0_base,1,2022-09-15,100738.47952555094
0,0.001,real,True,5,fits,C0_base,1,2022-09-16,100738.47952555094
0,0.001,real,True,5,fits,C0_base,1,2022-09-19,100738.47952555094
0,0.001,real,True,5,fits,C0_base,1,2022-09-20,100738.47952555094
0,0.001,real,True,5,fits,C0_base,1,2022-09-21,100738.47952555094
0,0.001,real,True,5,fits,C0_base,1,2022-09-22,100738.47952555094
0,0.001,real,True,5,fits,C0_base,1,2022-09-23,100738.47952555094
0,0.001,real,True,5,fits,C0_base,1,2022-09-26,100738.47952555094
0,0.001,real,True,5,fits,C0_base,1,2022-09-27,100738.47952555094
0,0.001,real,True,5,fits,C0_base,1,2022-09-28,100738.47952555094
0,0.001,real,True,5,fits,C0_base,1,2022-09-29,100738.47952555094
0,0.001,real,True,5,fits,C0_base,2,2022-10-06,100000.0
0,0.001,real,True,5,fits,C0_base,2,2022-10-07,100000.0
0,0.001,real,True,5,fits,C0_base,2,2022-10-10,100000.0
0,0.001,real,True,5,fits,C0_base,2,2022-10-11,100000.0
0,0.001,real,True,5,fits,C0_base,2,2022-10-12,100000.0
0,0.001,real,True,5,fits,C0_base,2,2022-10-13,100000.0
0,0.001,real,True,5,fits,C0_base,2,2022-10-14,99694.15116377002
0,0.001,real,True,5,fits,C0_base,2,2022-10-17,100024.28320132554
0,0.001,real,True,5,fits,C0_base,2,2022-10-18,99645.08870856727
0,0.001,real,True,5,fits,C0_base,2,2022-10-19,99615.67555541894
0,0.001,real,True,5,fits,C0_base,2,2022-10-20,99690.01682043065
0,0.001,real,True,5,fits,C0_base,2,2022-10-21,100900.94817941578
0,0.001,real,True,5,fits,C0_base,2,2022-10-24,101455.16060486448
0,0.001,real,True,5,fits,C0_base,2,2022-10-25,101908.19993710186
0,0.001,real,True,5,fits,C0_base,2,2022-10-26,99712.6231801495
0,0.001,real,True,5,fits,C0_base,2,2022-10-27,99651.25349068259
0,0.001,real,True,5,fits,C0_base,2,2022-10-28,99651.25349068259
0,0.001,real,True,5,fits,C0_base,2,2022-10-31,99651.25349068259
0,0.001,real,True,5,fits,C0_base,2,2022-11-01,99651.25349068259
0,0.001,real,True,5,fits,C0_base,2,2022-11-02,99651.25349068259
0,0.001,real,True,5,fits,C0_base,2,2022-11-03,99651.25349068259
0,0.001,real,True,5,fits,C0_base,2,2022-11-04,99651.25349068259
0,0.001,real,True,5,fits,C0_base,2,2022-11-07,99651.25349068259
0,0.001,real,True,5,fits,C0_base,2,2022-11-08,99651.25349068259
0,0.001,real,True,5,fits,C0_base,2,2022-11-09,99651.25349068259
0,0.001,real,True,5,fits,C0_base,2,2022-11-10,99651.25349068259
0,0.001,real,True,5,fits,C0_base,2,2022-11-11,99651.25349068259
0,0.001,real,True,5,fits,C0_base,2,2022-11-14,99651.25349068259
0,0.001,real,True,5,fits,C0_base,2,2022-11-15,99346.47129159214
0,0.001,real,True,5,fits,C0_base,2,2022-11-16,99142.2791773234
0,0.001,real,True,5,fits,C0_base,2,2022-11-17,99420.77568111796
0,0.001,real,True,5,fits,C0_base,2,2022-11-18,99041.40494177077
0,0.001,real,True,5,fits,C0_base,2,2022-11-21,98363.35444949649
0,0.001,real,True,5,fits,C0_base,2,2022-11-22,98471.95571987526
0,0.001,real,True,5,fits,C0_base,2,2022-11-23,98532.46787852893
0,0.001,real,True,5,fits,C0_base,2,2022-11-25,98332.09608289051
0,0.001,real,True,5,fits,C0_base,2,2022-11-28,98068.77390456057
0,0.001,real,True,5,fits,C0_base,2,2022-11-29,98070.57947771745
0,0.001,real,True,5,fits,C0_base,2,2022-11-30,98070.57947771745
0,0.001,real,True,5,fits,C0_base,2,2022-12-01,98070.57947771745
0,0.001,real,True,5,fits,C0_base,2,2022-12-02,98070.57947771745
0,0.001,real,True,5,fits,C0_base,2,2022-12-05,97852.67368961754
0,0.001,real,True,5,fits,C0_base,2,2022-12-06,97770.63175169914
0,0.001,real,True,5,fits,C0_base,2,2022-12-07,97770.63175169914
0,0.001,real,True,5,fits,C0_base,2,2022-12-08,97770.63175169914
0,0.001,real,True,5,fits,C0_base,2,2022-12-09,97770.63175169914
0,0.001,real,True,5,fits,C0_base,2,2022-12-12,97770.63175169914
0,0.001,real,True,5,fits,C0_base,2,2022-12-13,97770.63175169914
0,0.001,real,True,5,fits,C0_base,2,2022-12-14,97770.63175169914
0,0.001,real,True,5,fits,C0_base,2,2022-12-15,97770.63175169914
0,0.001,real,True,5,fits,C0_base,2,2022-12-16,97770.63175169914
0,0.001,real,True,5,fits,C0_base,2,2022-12-19,97770.63175169914
0,0.001,real,True,5,fits,C0_base,2,2022-12-20,97770.63175169914
0,0.001,real,True,5,fits,C0_base,2,2022-12-21,97770.63175169914
0,0.001,real,True,5,fits,C0_base,2,2022-12-22,97770.63175169914
0,0.001,real,True,5,fits,C0_base,2,2022-12-23,97770.63175169914
0,0.001,real,True,5,fits,C0_base,2,2022-12-27,97770.63175169914
0,0.001,real,True,5,fits,C0_base,2,2022-12-28,97770.63175169914
0,0.001,real,True,5,fits,C0_base,2,2022-12-29,97770.63175169914
0,0.001,real,True,5,fits,C0_base,3,2023-01-06,100000.0
0,0.001,real,True,5,fits,C0_base,3,2023-01-09,100000.0
0,0.001,real,True,5,fits,C0_base,3,2023-01-10,100000.0
0,0.001,real,True,5,fits,C0_base,3,2023-01-11,100000.0
0,0.001,real,True,5,fits,C0_base,3,2023-01-12,100000.0
0,0.001,real,True,5,fits,C0_base,3,2023-01-13,100000.0
0,0.001,real,True,5,fits,C0_base,3,2023-01-17,100000.0
0,0.001,real,True,5,fits,C0_base,3,2023-01-18,100000.0
0,0.001,real,True,5,fits,C0_base,3,2023-01-19,100000.0
0,0.001,real,True,5,fits,C0_base,3,2023-01-20,100000.0
0,0.001,real,True,5,fits,C0_base,3,2023-01-23,100000.0
0,0.001,real,True,5,fits,C0_base,3,2023-01-24,100000.0
0,0.001,real,True,5,fits,C0_base,3,2023-01-25,100000.0
0,0.001,real,True,5,fits,C0_base,3,2023-01-26,100000.0
0,0.001,real,True,5,fits,C0_base,3,2023-01-27,100000.0
0,0.001,real,True,5,fits,C0_base,3,2023-01-30,100000.0
0,0.001,real,True,5,fits,C0_base,3,2023-01-31,100000.0
0,0.001,real,True,5,fits,C0_base,3,2023-02-01,100000.0
0,0.001,real,True,5,fits,C0_base,3,2023-02-02,100000.0
0,0.001,real,True,5,fits,C0_base,3,2023-02-03,100000.0
0,0.001,real,True,5,fits,C0_base,3,2023-02-06,100000.0
0,0.001,real,True,5,fits,C0_base,3,2023-02-07,100000.0
0,0.001,real,True,5,fits,C0_base,3,2023-02-08,100000.0
0,0.001,real,True,5,fits,C0_base,3,2023-02-09,100000.0
0,0.001,real,True,5,fits,C0_base,3,2023-02-10,100000.0
0,0.001,real,True,5,fits,C0_base,3,2023-02-13,100000.0
0,0.001,real,True,5,fits,C0_base,3,2023-02-14,100000.0
0,0.001,real,True,5,fits,C0_base,3,2023-02-15,100000.0
0,0.001,real,True,5,fits,C0_base,3,2023-02-16,100000.0
0,0.001,real,True,5,fits,C0_base,3,2023-02-17,100000.0
0,0.001,real,True,5,fits,C0_base,3,2023-02-21,100000.0
0,0.001,real,True,5,fits,C0_base,3,2023-02-22,100000.0
0,0.001,real,True,5,fits,C0_base,3,2023-02-23,100000.0
0,0.001,real,True,5,fits,C0_base,3,2023-02-24,100000.0
0,0.001,real,True,5,fits,C0_base,3,2023-02-27,100000.0
0,0.001,real,True,5,fits,C0_base,3,2023-02-28,100000.0
0,0.001,real,True,5,fits,C0_base,3,2023-03-01,100000.0
0,0.001,real,True,5,fits,C0_base,3,2023-03-02,100000.0
0,0.001,real,True,5,fits,C0_base,3,2023-03-03,100000.0
0,0.001,real,True,5,fits,C0_base,3,2023-03-06,100000.0
0,0.001,real,True,5,fits,C0_base,3,2023-03-07,100000.0
0,0.001,real,True,5,fits,C0_base,3,2023-03-08,100000.0
0,0.001,real,True,5,fits,C0_base,3,2023-03-09,100000.0
0,0.001,real,True,5,fits,C0_base,3,2023-03-10,100000.0
0,0.001,real,True,5,fits,C0_base,3,2023-03-13,100000.0
0,0.001,real,True,5,fits,C0_base,3,2023-03-14,100000.0
0,0.001,real,True,5,fits,C0_base,3,2023-03-15,100000.0
0,0.001,real,True,5,fits,C0_base,3,2023-03-16,100000.0
0,0.001,real,True,5,fits,C0_base,3,2023-03-17,100000.0
0,0.001,real,True,5,fits,C0_base,3,2023-03-20,100000.0
0,0.001,real,True,5,fits,C0_base,3,2023-03-21,100000.0
0,0.001,real,True,5,fits,C0_base,3,2023-03-22,100000.0
0,0.001,real,True,5,fits,C0_base,3,2023-03-23,100000.0
0,0.001,real,True,5,fits,C0_base,3,2023-03-24,100000.0
0,0.001,real,True,5,fits,C0_base,3,2023-03-27,100000.0
0,0.001,real,True,5,fits,C0_base,3,2023-03-28,100000.0
0,0.001,real,True,5,fits,C0_base,3,2023-03-29,100000.0
0,0.001,real,True,5,fits,C0_base,3,2023-03-30,100000.0
0,0.001,real,True,5,wits,C0_base,1,2022-07-06,100000.0
0,0.001,real,True,5,wits,C0_base,1,2022-07-07,100000.0
0,0.001,real,True,5,wits,C0_base,1,2022-07-08,100000.0
0,0.001,real,True,5,wits,C0_base,1,2022-07-11,100000.0
0,0.001,real,True,5,wits,C0_base,1,2022-07-12,100000.0
0,0.001,real,True,5,wits,C0_base,1,2022-07-13,100000.0
0,0.001,real,True,5,wits,C0_base,1,2022-07-14,100000.0
0,0.001,real,True,5,wits,C0_base,1,2022-07-15,100000.0
0,0.001,real,True,5,wits,C0_base,1,2022-07-18,100000.0
0,0.001,real,True,5,wits,C0_base,1,2022-07-19,100000.0
0,0.001,real,True,5,wits,C0_base,1,2022-07-20,100000.0
0,0.001,real,True,5,wits,C0_base,1,2022-07-21,100000.0
0,0.001,real,True,5,wits,C0_base,1,2022-07-22,100000.0
0,0.001,real,True,5,wits,C0_base,1,2022-07-25,100000.0
0,0.001,real,True,5,wits,C0_base,1,2022-07-26,100000.0
0,0.001,real,True,5,wits,C0_base,1,2022-07-27,100000.0
0,0.001,real,True,5,wits,C0_base,1,2022-07-28,100000.0
0,0.001,real,True,5,wits,C0_base,1,2022-07-29,100000.0
0,0.001,real,True,5,wits,C0_base,1,2022-08-01,100000.0
0,0.001,real,True,5,wits,C0_base,1,2022-08-02,100000.0
0,0.001,real,True,5,wits,C0_base,1,2022-08-03,100000.0
0,0.001,real,True,5,wits,C0_base,1,2022-08-04,100000.0
0,0.001,real,True,5,wits,C0_base,1,2022-08-05,100000.0
0,0.001,real,True,5,wits,C0_base,1,2022-08-08,100000.0
0,0.001,real,True,5,wits,C0_base,1,2022-08-09,100000.0
0,0.001,real,True,5,wits,C0_base,1,2022-08-10,100000.0
0,0.001,real,True,5,wits,C0_base,1,2022-08-11,100000.0
0,0.001,real,True,5,wits,C0_base,1,2022-08-12,100000.0
0,0.001,real,True,5,wits,C0_base,1,2022-08-15,100000.0
0,0.001,real,True,5,wits,C0_base,1,2022-08-16,100000.0
0,0.001,real,True,5,wits,C0_base,1,2022-08-17,100000.0
0,0.001,real,True,5,wits,C0_base,1,2022-08-18,100000.0
0,0.001,real,True,5,wits,C0_base,1,2022-08-19,100000.0
0,0.001,real,True,5,wits,C0_base,1,2022-08-22,100000.0
0,0.001,real,True,5,wits,C0_base,1,2022-08-23,100000.0
0,0.001,real,True,5,wits,C0_base,1,2022-08-24,100000.0
0,0.001,real,True,5,wits,C0_base,1,2022-08-25,100000.0
0,0.001,real,True,5,wits,C0_base,1,2022-08-26,100000.0
0,0.001,real,True,5,wits,C0_base,1,2022-08-29,100000.0
0,0.001,real,True,5,wits,C0_base,1,2022-08-30,100000.0
0,0.001,real,True,5,wits,C0_base,1,2022-08-31,100000.0
0,0.001,real,True,5,wits,C0_base,1,2022-09-01,100000.0
0,0.001,real,True,5,wits,C0_base,1,2022-09-02,100000.0
0,0.001,real,True,5,wits,C0_base,1,2022-09-06,100000.0
0,0.001,real,True,5,wits,C0_base,1,2022-09-07,100000.0
0,0.001,real,True,5,wits,C0_base,1,2022-09-08,100000.0
0,0.001,real,True,5,wits,C0_base,1,2022-09-09,100000.0
0,0.001,real,True,5,wits,C0_base,1,2022-09-12,100000.0
0,0.001,real,True,5,wits,C0_base,1,2022-09-13,100000.0
0,0.001,real,True,5,wits,C0_base,1,2022-09-14,100000.0
0,0.001,real,True,5,wits,C0_base,1,2022-09-15,100000.0
0,0.001,real,True,5,wits,C0_base,1,2022-09-16,100000.0
0,0.001,real,True,5,wits,C0_base,1,2022-09-19,100000.0
0,0.001,real,True,5,wits,C0_base,1,2022-09-20,100000.0
0,0.001,real,True,5,wits,C0_base,1,2022-09-21,100000.0
0,0.001,real,True,5,wits,C0_base,1,2022-09-22,100000.0
0,0.001,real,True,5,wits,C0_base,1,2022-09-23,100000.0
0,0.001,real,True,5,wits,C0_base,1,2022-09-26,100000.0
0,0.001,real,True,5,wits,C0_base,1,2022-09-27,100000.0
0,0.001,real,True,5,wits,C0_base,1,2022-09-28,100000.0
0,0.001,real,True,5,wits,C0_base,1,2022-09-29,100000.0
0,0.001,real,True,5,wits,C0_base,2,2022-10-06,100000.0
0,0.001,real,True,5,wits,C0_base,2,2022-10-07,100000.0
0,0.001,real,True,5,wits,C0_base,2,2022-10-10,100000.0
0,0.001,real,True,5,wits,C0_base,2,2022-10-11,100000.0
0,0.001,real,True,5,wits,C0_base,2,2022-10-12,100000.0
0,0.001,real,True,5,wits,C0_base,2,2022-10-13,100000.0
0,0.001,real,True,5,wits,C0_base,2,2022-10-14,100000.0
0,0.001,real,True,5,wits,C0_base,2,2022-10-17,100000.0
0,0.001,real,True,5,wits,C0_base,2,2022-10-18,100000.0
0,0.001,real,True,5,wits,C0_base,2,2022-10-19,100000.0
0,0.001,real,True,5,wits,C0_base,2,2022-10-20,100000.0
0,0.001,real,True,5,wits,C0_base,2,2022-10-21,100000.0
0,0.001,real,True,5,wits,C0_base,2,2022-10-24,100000.0
0,0.001,real,True,5,wits,C0_base,2,2022-10-25,100000.0
0,0.001,real,True,5,wits,C0_base,2,2022-10-26,100000.0
0,0.001,real,True,5,wits,C0_base,2,2022-10-27,100000.0
0,0.001,real,True,5,wits,C0_base,2,2022-10-28,100000.0
0,0.001,real,True,5,wits,C0_base,2,2022-10-31,100000.0
0,0.001,real,True,5,wits,C0_base,2,2022-11-01,100000.0
0,0.001,real,True,5,wits,C0_base,2,2022-11-02,100000.0
0,0.001,real,True,5,wits,C0_base,2,2022-11-03,100000.0
0,0.001,real,True,5,wits,C0_base,2,2022-11-04,100000.0
0,0.001,real,True,5,wits,C0_base,2,2022-11-07,100000.0
0,0.001,real,True,5,wits,C0_base,2,2022-11-08,100000.0
0,0.001,real,True,5,wits,C0_base,2,2022-11-09,100000.0
0,0.001,real,True,5,wits,C0_base,2,2022-11-10,100000.0
0,0.001,real,True,5,wits,C0_base,2,2022-11-11,100000.0
0,0.001,real,True,5,wits,C0_base,2,2022-11-14,100000.0
0,0.001,real,True,5,wits,C0_base,2,2022-11-15,100000.0
0,0.001,real,True,5,wits,C0_base,2,2022-11-16,100000.0
0,0.001,real,True,5,wits,C0_base,2,2022-11-17,100000.0
0,0.001,real,True,5,wits,C0_base,2,2022-11-18,100000.0
0,0.001,real,True,5,wits,C0_base,2,2022-11-21,100000.0
0,0.001,real,True,5,wits,C0_base,2,2022-11-22,100000.0
0,0.001,real,True,5,wits,C0_base,2,2022-11-23,100000.0
0,0.001,real,True,5,wits,C0_base,2,2022-11-25,100000.0
0,0.001,real,True,5,wits,C0_base,2,2022-11-28,100000.0
0,0.001,real,True,5,wits,C0_base,2,2022-11-29,100000.0
0,0.001,real,True,5,wits,C0_base,2,2022-11-30,100000.0
0,0.001,real,True,5,wits,C0_base,2,2022-12-01,100000.0
0,0.001,real,True,5,wits,C0_base,2,2022-12-02,100000.0
0,0.001,real,True,5,wits,C0_base,2,2022-12-05,100000.0
0,0.001,real,True,5,wits,C0_base,2,2022-12-06,100000.0
0,0.001,real,True,5,wits,C0_base,2,2022-12-07,100000.0
0,0.001,real,True,5,wits,C0_base,2,2022-12-08,100000.0
0,0.001,real,True,5,wits,C0_base,2,2022-12-09,100000.0
0,0.001,real,True,5,wits,C0_base,2,2022-12-12,100000.0
0,0.001,real,True,5,wits,C0_base,2,2022-12-13,100000.0
0,0.001,real,True,5,wits,C0_base,2,2022-12-14,100000.0
0,0.001,real,True,5,wits,C0_base,2,2022-12-15,100000.0
0,0.001,real,True,5,wits,C0_base,2,2022-12-16,100000.0
0,0.001,real,True,5,wits,C0_base,2,2022-12-19,100000.0
0,0.001,real,True,5,wits,C0_base,2,2022-12-20,100000.0
0,0.001,real,True,5,wits,C0_base,2,2022-12-21,100000.0
0,0.001,real,True,5,wits,C0_base,2,2022-12-22,100000.0
0,0.001,real,True,5,wits,C0_base,2,2022-12-23,100000.0
0,0.001,real,True,5,wits,C0_base,2,2022-12-27,100000.0
0,0.001,real,True,5,wits,C0_base,2,2022-12-28,100000.0
0,0.001,real,True,5,wits,C0_base,2,2022-12-29,100000.0
0,0.001,real,True,5,wits,C0_base,3,2023-01-06,100000.0
0,0.001,real,True,5,wits,C0_base,3,2023-01-09,100000.0
0,0.001,real,True,5,wits,C0_base,3,2023-01-10,100000.0
0,0.001,real,True,5,wits,C0_base,3,2023-01-11,100000.0
0,0.001,real,True,5,wits,C0_base,3,2023-01-12,100000.0
0,0.001,real,True,5,wits,C0_base,3,2023-01-13,100000.0
0,0.001,real,True,5,wits,C0_base,3,2023-01-17,100000.0
0,0.001,real,True,5,wits,C0_base,3,2023-01-18,100000.0
0,0.001,real,True,5,wits,C0_base,3,2023-01-19,100000.0
0,0.001,real,True,5,wits,C0_base,3,2023-01-20,100000.0
0,0.001,real,True,5,wits,C0_base,3,2023-01-23,100000.0
0,0.001,real,True,5,wits,C0_base,3,2023-01-24,100000.0
0,0.001,real,True,5,wits,C0_base,3,2023-01-25,100000.0
0,0.001,real,True,5,wits,C0_base,3,2023-01-26,100000.0
0,0.001,real,True,5,wits,C0_base,3,2023-01-27,100000.0
0,0.001,real,True,5,wits,C0_base,3,2023-01-30,100000.0
0,0.001,real,True,5,wits,C0_base,3,2023-01-31,100000.0
0,0.001,real,True,5,wits,C0_base,3,2023-02-01,100000.0
0,0.001,real,True,5,wits,C0_base,3,2023-02-02,100000.0
0,0.001,real,True,5,wits,C0_base,3,2023-02-03,100000.0
0,0.001,real,True,5,wits,C0_base,3,2023-02-06,100000.0
0,0.001,real,True,5,wits,C0_base,3,2023-02-07,100000.0
0,0.001,real,True,5,wits,C0_base,3,2023-02-08,100000.0
0,0.001,real,True,5,wits,C0_base,3,2023-02-09,100000.0
0,0.001,real,True,5,wits,C0_base,3,2023-02-10,100000.0
0,0.001,real,True,5,wits,C0_base,3,2023-02-13,100000.0
0,0.001,real,True,5,wits,C0_base,3,2023-02-14,100000.0
0,0.001,real,True,5,wits,C0_base,3,2023-02-15,100000.0
0,0.001,real,True,5,wits,C0_base,3,2023-02-16,100000.0
0,0.001,real,True,5,wits,C0_base,3,2023-02-17,100000.0
0,0.001,real,True,5,wits,C0_base,3,2023-02-21,100000.0
0,0.001,real,True,5,wits,C0_base,3,2023-02-22,100000.0
0,0.001,real,True,5,wits,C0_base,3,2023-02-23,100000.0
0,0.001,real,True,5,wits,C0_base,3,2023-02-24,100000.0
0,0.001,real,True,5,wits,C0_base,3,2023-02-27,100000.0
0,0.001,real,True,5,wits,C0_base,3,2023-02-28,100000.0
0,0.001,real,True,5,wits,C0_base,3,2023-03-01,100000.0
0,0.001,real,True,5,wits,C0_base,3,2023-03-02,100000.0
0,0.001,real,True,5,wits,C0_base,3,2023-03-03,100000.0
0,0.001,real,True,5,wits,C0_base,3,2023-03-06,100000.0
0,0.001,real,True,5,wits,C0_base,3,2023-03-07,100000.0
0,0.001,real,True,5,wits,C0_base,3,2023-03-08,100000.0
0,0.001,real,True,5,wits,C0_base,3,2023-03-09,100000.0
0,0.001,real,True,5,wits,C0_base,3,2023-03-10,100000.0
0,0.001,real,True,5,wits,C0_base,3,2023-03-13,100000.0
0,0.001,real,True,5,wits,C0_base,3,2023-03-14,100000.0
0,0.001,real,True,5,wits,C0_base,3,2023-03-15,100000.0
0,0.001,real,True,5,wits,C0_base,3,2023-03-16,100000.0
0,0.001,real,True,5,wits,C0_base,3,2023-03-17,100000.0
0,0.001,real,True,5,wits,C0_base,3,2023-03-20,100000.0
0,0.001,real,True,5,wits,C0_base,3,2023-03-21,100000.0
0,0.001,real,True,5,wits,C0_base,3,2023-03-22,100000.0
0,0.001,real,True,5,wits,C0_base,3,2023-03-23,100000.0
0,0.001,real,True,5,wits,C0_base,3,2023-03-24,100000.0
0,0.001,real,True,5,wits,C0_base,3,2023-03-27,100000.0
0,0.001,real,True,5,wits,C0_base,3,2023-03-28,100000.0
0,0.001,real,True,5,wits,C0_base,3,2023-03-29,100000.0
0,0.001,real,True,5,wits,C0_base,3,2023-03-30,100000.0
