control,quantity,subject,n,value,p
real,rebalances,,115,115.0,
real,spearman_trailing_forward,,115,0.017025171624713953,0.6020307197515121
real,top_n_forward_return,,115,0.022189107832298285,
real,equal_weight_forward_return,,115,0.016224174824516074,
real,top_n_minus_equal_weight,,115,0.005964933007782208,0.24908206580390446
real,rank_persistence_one_lookback_on,,104,0.05357142857142857,
real,months_held,AAPL,115,20.0,
real,months_held,ABBV,115,10.0,
real,months_held,AMZN,115,17.0,
real,months_held,COST,115,7.0,
real,months_held,GOOGL,115,13.0,
real,months_held,HD,115,1.0,
real,months_held,JNJ,115,6.0,
real,months_held,JPM,115,17.0,
real,months_held,LLY,115,40.0,
real,months_held,MA,115,15.0,
real,months_held,META,115,24.0,
real,months_held,MRK,115,16.0,
real,months_held,MSFT,115,6.0,
real,months_held,NVDA,115,78.0,
real,months_held,PG,115,7.0,
real,months_held,TSLA,115,36.0,
real,months_held,UNH,115,4.0,
real,months_held,V,115,0.0,
real,months_held,WMT,115,10.0,
real,months_held,XOM,115,18.0,
real,full_sample_log_drift,AAPL,1,2.5561665801840476,
real,full_sample_log_drift,ABBV,1,1.9102300467413516,
real,full_sample_log_drift,AMZN,1,2.1191985862437432,
real,full_sample_log_drift,COST,1,1.9736039506877159,
real,full_sample_log_drift,GOOGL,1,2.2194576723914405,
real,full_sample_log_drift,HD,1,1.2105075025024252,
real,full_sample_log_drift,JNJ,1,1.2466710014798146,
real,full_sample_log_drift,JPM,1,2.0196775351391847,
real,full_sample_log_drift,LLY,1,2.855302388494934,
real,full_sample_log_drift,MA,1,1.85356030421823,
real,full_sample_log_drift,META,1,1.770126667607835,
real,full_sample_log_drift,MRK,1,1.3193874066852689,
real,full_sample_log_drift,MSFT,1,2.3419355486635878,
real,full_sample_log_drift,NVDA,1,5.654896156730137,
real,full_sample_log_drift,PG,1,0.9071977095699131,
real,full_sample_log_drift,TSLA,1,3.127869487621168,
real,full_sample_log_drift,UNH,1,1.4052296608713357,
real,full_sample_log_drift,V,1,1.650403845712546,
real,full_sample_log_drift,WMT,1,1.9175201963510844,
real,full_sample_log_drift,XOM,1,1.168126300022302,
shuffled,rebalances,,115,115.0,
shuffled,spearman_trailing_forward,,115,0.01729977116704805,0.49199727507845936
shuffled,top_n_forward_return,,115,0.02446577568552889,
shuffled,equal_weight_forward_return,,115,0.016776269270704663,
shuffled,top_n_minus_equal_weight,,115,0.007689506414824225,0.0855952366514761
shuffled,rank_persistence_one_lookback_on,,104,-0.013201272411798727,
shuffled,months_held,AAPL,115,12.0,
shuffled,months_held,ABBV,115,17.0,
shuffled,months_held,AMZN,115,22.0,
shuffled,months_held,COST,115,4.0,
shuffled,months_held,GOOGL,115,29.0,
shuffled,months_held,HD,115,7.0,
shuffled,months_held,JNJ,115,0.0,
shuffled,months_held,JPM,115,18.0,
shuffled,months_held,LLY,115,22.0,
shuffled,months_held,MA,115,14.0,
shuffled,months_held,META,115,27.0,
shuffled,months_held,MRK,115,8.0,
shuffled,months_held,MSFT,115,22.0,
shuffled,months_held,NVDA,115,52.0,
shuffled,months_held,PG,115,1.0,
shuffled,months_held,TSLA,115,44.0,
shuffled,months_held,UNH,115,12.0,
shuffled,months_held,V,115,15.0,
shuffled,months_held,WMT,115,11.0,
shuffled,months_held,XOM,115,8.0,
shuffled,full_sample_log_drift,AAPL,1,2.556166580184044,
shuffled,full_sample_log_drift,ABBV,1,1.9102300467413498,
shuffled,full_sample_log_drift,AMZN,1,2.119198586243739,
shuffled,full_sample_log_drift,COST,1,1.9736039506877185,
shuffled,full_sample_log_drift,GOOGL,1,2.2194576723914388,
shuffled,full_sample_log_drift,HD,1,1.2105075025024234,
shuffled,full_sample_log_drift,JNJ,1,1.246671001479819,
shuffled,full_sample_log_drift,JPM,1,2.019677535139182,
shuffled,full_sample_log_drift,LLY,1,2.8553023884949287,
shuffled,full_sample_log_drift,MA,1,1.8535603042182247,
shuffled,full_sample_log_drift,META,1,1.7701266676078342,
shuffled,full_sample_log_drift,MRK,1,1.3193874066852653,
shuffled,full_sample_log_drift,MSFT,1,2.3419355486635887,
shuffled,full_sample_log_drift,NVDA,1,5.6548961567301514,
shuffled,full_sample_log_drift,PG,1,0.9071977095699122,
shuffled,full_sample_log_drift,TSLA,1,3.1278694876211635,
shuffled,full_sample_log_drift,UNH,1,1.4052296608713366,
shuffled,full_sample_log_drift,V,1,1.6504038457125487,
shuffled,full_sample_log_drift,WMT,1,1.91752019635108,
shuffled,full_sample_log_drift,XOM,1,1.1681263000222986,
noise,rebalances,,115,115.0,
noise,spearman_trailing_forward,,115,-0.0546583850931677,0.013602481432182973
noise,top_n_forward_return,,115,-0.006516149848022649,
noise,equal_weight_forward_return,,115,0.0005505449682204718,
noise,top_n_minus_equal_weight,,115,-0.007066694816243121,0.19535116325919488
noise,rank_persistence_one_lookback_on,,104,-0.1650375939849624,
noise,months_held,AAPL,115,7.0,
noise,months_held,ABBV,115,35.0,
noise,months_held,AMZN,115,18.0,
noise,months_held,COST,115,16.0,
noise,months_held,GOOGL,115,12.0,
noise,months_held,HD,115,7.0,
noise,months_held,JNJ,115,13.0,
noise,months_held,JPM,115,18.0,
noise,months_held,LLY,115,17.0,
noise,months_held,MA,115,24.0,
noise,months_held,META,115,27.0,
noise,months_held,MRK,115,8.0,
noise,months_held,MSFT,115,12.0,
noise,months_held,NVDA,115,23.0,
noise,months_held,PG,115,6.0,
noise,months_held,TSLA,115,28.0,
noise,months_held,UNH,115,40.0,
noise,months_held,V,115,2.0,
noise,months_held,WMT,115,6.0,
noise,months_held,XOM,115,26.0,
noise,full_sample_log_drift,AAPL,1,-0.07639453737619872,
noise,full_sample_log_drift,ABBV,1,0.9007319140876229,
noise,full_sample_log_drift,AMZN,1,0.020946132728560052,
noise,full_sample_log_drift,COST,1,-0.1208952545713986,
noise,full_sample_log_drift,GOOGL,1,-1.0819712181758034,
noise,full_sample_log_drift,HD,1,-0.3226898188316776,
noise,full_sample_log_drift,JNJ,1,0.09884311893129638,
noise,full_sample_log_drift,JPM,1,0.5361580472964227,
noise,full_sample_log_drift,LLY,1,0.23846893688707738,
noise,full_sample_log_drift,MA,1,0.6715555766025014,
noise,full_sample_log_drift,META,1,0.19061762741397192,
noise,full_sample_log_drift,MRK,1,-0.7527259450666848,
noise,full_sample_log_drift,MSFT,1,0.20969322954942804,
noise,full_sample_log_drift,NVDA,1,0.07181698687195992,
noise,full_sample_log_drift,PG,1,0.01448814596175918,
noise,full_sample_log_drift,TSLA,1,0.5723509845544239,
noise,full_sample_log_drift,UNH,1,1.5995521065789582,
noise,full_sample_log_drift,V,1,-0.3848260127749543,
noise,full_sample_log_drift,WMT,1,-0.6679720500645794,
noise,full_sample_log_drift,XOM,1,0.49512622155027497,
real,drift_correlation_vs_real,,20,1.0,
shuffled,drift_correlation_vs_real,,20,1.0,
noise,drift_correlation_vs_real,,20,0.08120300751879699,
