model,fold,quantity,correlation,n_values,real_mean_abs,noise_mean_abs,mean_abs_difference
fits,1,operator,0.42126568805068054,480.0,0.010593519394678348,0.010484857756942934,0.009052939737779552
fits,1,response,0.9849064495895131,23.0,0.7964814026159673,0.7589712757059107,0.0375101269100567
fits,2,operator,0.08348346278016765,480.0,0.013257814854701346,0.010871666012425642,0.01280913170602746
fits,2,response,0.9831767942625683,23.0,0.7647484673172202,0.7983396760666285,0.03359120874940815
fits,3,operator,0.13263386313201608,480.0,0.01256129718043659,0.010139998093125378,0.012564396055584182
fits,3,response,0.9835535576739012,23.0,0.7937933485078507,0.798333675882881,0.013015576674436907
fits,4,operator,0.12025344070204104,480.0,0.011995033993230448,0.009752067759152052,0.01175548889305402
fits,4,response,0.9567845239667749,23.0,0.7941100550830368,0.7473620881944655,0.04884615906785548
fits,5,operator,0.21355994576900508,480.0,0.012060754976917203,0.010571560402349866,0.011421010711196273
fits,5,response,0.9793479281402947,23.0,0.7913272139834578,0.7948533946182438,0.013412945278811084
fits,6,operator,0.035582392707752396,480.0,0.012922895291735107,0.009179237425955675,0.012575617052416879
fits,6,response,0.9668056582910799,23.0,0.7641389450322029,0.7940978942204526,0.030689246530208446
fits,7,operator,0.2455285307223874,480.0,0.012619622045015346,0.009585588726131153,0.01113189555675041
fits,7,response,0.9613917774519519,23.0,0.7536625829057914,0.7918982798405054,0.038235696934713966
fits,8,operator,0.12099383360965428,480.0,0.01248027410558279,0.010483901222338913,0.012945730517547183
fits,8,response,0.9766778717562086,23.0,0.7780552108787013,0.7871406769304921,0.015171620187872171
fits,9,operator,0.08213807243738823,480.0,0.012930588557859647,0.009910804710413513,0.012369972781304554
fits,9,response,0.96426139975102,23.0,0.7935874267173711,0.7462040329350483,0.04738339378232298
fits,10,operator,0.124747100823297,480.0,0.012236578839109785,0.009964884470840298,0.01203964499314228
fits,10,response,0.9781685705387928,23.0,0.7965272098901145,0.7825795395388373,0.01694278199078087
fits,11,operator,0.2268329798945116,480.0,0.011830284097333171,0.00918596374146942,0.010326111973072528
fits,11,response,0.9866366051010295,23.0,0.7839405691586178,0.7931330353510195,0.013004880933344398
fits,12,operator,0.14614932705103537,480.0,0.011904602093428304,0.00942782820725913,0.011070820537383258
fits,12,response,0.9792421079542413,23.0,0.7970191711958416,0.7592109541284764,0.03780821706736529
fits,13,operator,0.3314062272506654,480.0,0.010781023232628249,0.009651442467745889,0.009050428602928973
fits,13,response,0.9929450976190018,23.0,0.7976378470015407,0.781435865117573,0.01644998577810872
fits,14,operator,0.2109904824413967,480.0,0.011114519451544035,0.01029306796835532,0.01093308689225685
fits,14,response,0.9883797393224958,23.0,0.7927288455472226,0.7878259178066358,0.011651719883081089
fits,15,operator,0.32762616858208315,480.0,0.010365766266977548,0.009835265197084775,0.008847333172690508
fits,15,response,0.9883462228229791,23.0,0.7832359029436944,0.7956382603528269,0.013263441907819362
fits,16,operator,0.2910494306812362,480.0,0.010800505212948475,0.009654563301519307,0.009360214003583193
fits,16,response,0.9779022467601142,23.0,0.7659706061664464,0.7874680194121229,0.02235568873022199
wits,1,operator,0.38535498989096945,480.0,0.009254926441932114,0.008920616521594904,0.0059793868885704244
wits,2,operator,0.2905158935199292,480.0,0.010642506541689994,0.009021230475937532,0.00807147141591431
wits,3,operator,0.1481754840268326,480.0,0.011155456275512808,0.00886100477267687,0.010004134553506374
wits,4,operator,0.07559041553498747,480.0,0.010735839031883198,0.008538319446940383,0.009845987481004296
wits,5,operator,-0.0020805866861666068,480.0,0.011003466626286615,0.008841555627078135,0.01041143346559851
wits,6,operator,0.04857609322581954,480.0,0.01087813239354576,0.00896579543841014,0.009987622303588595
wits,7,operator,-0.06484930114980533,480.0,0.011157975416594574,0.008704522325359251,0.010405686605267722
wits,8,operator,-0.009841750194001004,480.0,0.011105057612618487,0.00882754430389087,0.0103970549133806
wits,9,operator,-0.054344681497803325,480.0,0.011222593140729842,0.008672467625993512,0.01016945028959023
wits,10,operator,-0.06647333482648708,480.0,0.010229676443478726,0.00868899414115506,0.00990820035709258
wits,11,operator,0.019235302053722703,480.0,0.00982962976197709,0.0086057588058004,0.008247968490579191
wits,12,operator,0.06711137277219648,480.0,0.009642299035103259,0.008719563951688778,0.007979569631735645
wits,13,operator,0.10987191243968174,480.0,0.009832689685967743,0.008584243306632149,0.008199521707781763
wits,14,operator,0.016281359296016124,480.0,0.01010245460337725,0.008607773835379291,0.008965035099601955
wits,15,operator,0.13572241656119274,480.0,0.009354964667655955,0.008791299975634746,0.007196839030328038
wits,16,operator,0.24185954552735597,480.0,0.009492256747366179,0.008770502588642478,0.0068323833219135046
