date,Open,High,Low,Close
24/03/2020,48.55,49.45,40.15,48.25
25/03/2020,47,54.15,44.2,51.28
26/03/2020,51.5,56,45.7,45.88
27/03/2020,46.35,53.65,45.65,53.42
30/03/2020,55.45,56.65,49.55,49.78
31/03/2020,49.6,51.3,45.9,46.78
01/04/2020,48.85,51.75,47.45,51.33
02/04/2020,50.5,51.05,47.05,47.17
03/04/2020,47.55,49.05,44.15,44.92
06/04/2020,45,45,40.3,41.78
07/04/2020,42.15,44.37,40.2,44.03
08/04/2020,44.05,44.8,41.49,42.38
09/04/2020,42.6,43.85,41.1,41.28
13/04/2020,41.05,43.65,40.55,40.58
14/04/2020,40.8,41.15,37.1,37.88
15/04/2020,38.3,42.45,38,42.51
16/04/2020,36.6,38,35.6,36.53
17/04/2020,35.1,36.2,34.05,34.58
20/04/2020,34.9,39.2,34.84,39.08
21/04/2020,38.41,43.33,37.4,41.78
22/04/2020,41.4,42.4,39.1,39.63
23/04/2020,39.5,40.3,38.05,39.72
24/04/2020,39.8,40.55,36.65,36.78
27/04/2020,36.55,37.15,33.45,33.88
28/04/2020,34,35.07,32.55,34.17
29/04/2020,34.1,34.27,31.45,31.92
30/04/2020,31.6,34.85,31.45,33.97
01/05/2020,34.9,37.8,34.78,37.35
04/05/2020,38,39.85,35.55,35.67
05/05/2020,35.6,36.08,32.88,34.03
06/05/2020,34.2,35.1,32.96,34.78
07/05/2020,34.8,35.05,32.05,32.13
08/05/2020,32.13,32.3,29.3,29.33
11/05/2020,30,31.65,27.5,27.83
12/05/2020,28.23,34.03,26.52,33.08
13/05/2020,33.2,36.95,30.43,35.08
14/05/2020,34.45,38.35,32.29,32.38
15/05/2020,32.75,35.1,31.45,32.13
18/05/2020,31.9,32.25,28.4,28.92
19/05/2020,30.12,32.38,29.52,30.75
20/05/2020,31.67,31.75,29.42,28.11
21/05/2020,29.6,31.3,29.45,31.02
22/05/2020,30.8,32.55,30.14,30.38
24/05/2020,30.45,30.45,29.88,29.92
25/05/2020,29.9,30.62,29.48,29.67
26/05/2020,30.5,30.65,28.7,29.63
27/05/2020,29.7,31.35,28.61,29.08
28/05/2020,29.15,30.8,28.75,30.33
29/05/2020,30.35,31.2,28.8,28.83
01/06/2020,29.55,30.45,28.98,29.52
02/06/2020,29.55,29.96,28.05,28.23
03/06/2020,28.15,28.3,26.71,27
04/06/2020,27.1,27.7,25.8,26.73
05/06/2020,26.7,26.9,24.8,25.33
08/06/2020,25.35,26.25,24.95,26.02
09/06/2020,26.05,27.8,25.96,27.63
10/06/2020,27.6,28.35,25.93,27.48
11/06/2020,27.45,40.9,27.4,40.63
12/06/2020,39.65,42.55,34.95,35.08
15/06/2020,37.25,41.85,33.85,33.9
16/06/2020,33.8,36.65,31.55,33.1
17/06/2020,33.7,34.25,32.3,33.44
18/06/2020,33.6,35.35,33.2,33.58
19/06/2020,33.48,35.35,32.12,35.28
22/06/2020,36.05,36.6,31.6,31.63
23/06/2020,31.75,34.35,30.31,31.92
24/06/2020,31.85,35.25,31.45,33.58
25/06/2020,33.6,35.45,31.97,32.17
26/06/2020,32.35,34.85,31.85,34.53
29/06/2020,34.95,35.25,32.1,32.33
30/06/2020,32.51,33.16,30.43,30.88
01/07/2020,30.8,31.9,29.5,29.83
02/07/2020,29.8,30.3,27.92,29.08
03/07/2020,29.28,29.93,28.88,29.86
06/07/2020,29.19,30,28.13,29.25
07/07/2020,29.3,30.7,28.67,30.58
08/07/2020,30.6,31.13,29.4,29.52
09/07/2020,29.45,31.65,29.19,30.23
10/07/2020,30.2,31.15,28.7,28.77
13/07/2020,28.67,32.45,28.2,31.83
14/07/2020,32.1,32.81,29.58,29.63
15/07/2020,29.45,29.91,28.27,28.33
16/07/2020,28.34,29.7,27.5,28.13
17/07/2020,28.15,28.2,26.1,26.42
20/07/2020,26.5,27.1,24.45,24.73
21/07/2020,24.7,25.58,23.83,24.77
22/07/2020,24.85,25.9,24.35,25.45
23/07/2020,27.39,29.11,26.79,28.77
24/07/2020,28.55,29.9,28.25,28.73
27/07/2020,28.8,29,27.47,27.52
28/07/2020,27.5,28.06,26.57,27.52
29/07/2020,27.5,27.9,26.6,26.77
30/07/2020,26.9,29.71,26.66,27.17
31/07/2020,26.7,28.26,26.55,26.83
03/08/2020,26.95,27.3,26.44,26.77
04/08/2020,26.85,26.9,25.8,25.88
05/08/2020,25.85,26.1,25.25,25.33
06/08/2020,25.25,25.85,24.8,24.88
07/08/2020,24.81,25.66,24.3,24.63
10/08/2020,24.6,24.8,23.55,23.77
11/08/2020,23.81,25.4,22.65,24.92
12/08/2020,24.64,25.03,23.03,23.27
13/08/2020,23.6,23.65,22.6,23.23
14/08/2020,23.2,24.3,22.95,23.27
17/08/2020,23.15,23.2,21.77,21.77
18/08/2020,21.81,22.56,21.4,21.77
19/08/2020,21.95,21.95,21.6,21.71
20/08/2020,26.35,27.41,25.75,25.88
21/08/2020,25.9,26.95,25.6,25.92
24/08/2020,25.78,26.15,25.05,25.83
25/08/2020,25.9,26.71,25.35,25.48
26/08/2020,25.5,26.38,24.7,26.08
27/08/2020,26.2,29.4,25.51,27.02
28/08/2020,27.05,28.65,26.25,26.95
31/08/2020,26.9,28.3,26.4,27.88
01/09/2020,28.05,28.78,27.25,28.33
02/09/2020,28.4,29.1,27.84,28.88
03/09/2020,28.95,35.5,27.83,33.88
04/09/2020,34.55,37.35,29.05,29.65
06/09/2020,29.93,31.05,29.85,30.4
07/09/2020,30.38,30.98,29.42,29.52
08/09/2020,29.95,34.1,29.1,30.23
09/09/2020,30.98,31.13,27.92,28.38
10/09/2020,28.5,29.62,27.55,28.77
11/09/2020,28.75,29.1,26.25,26.33
14/09/2020,26.32,26.35,24.95,25.73
15/09/2020,25.8,26.15,24.88,25.38
16/09/2020,25.5,25.8,25.1,26.12
17/09/2020,30.4,32.01,29.75,29.83
18/09/2020,29.95,30.85,29.18,30.08
21/09/2020,30.02,32.98,29.82,31.23
22/09/2020,31.25,32.15,30.9,31.38
23/09/2020,31.35,33.06,30.74,32.47
24/09/2020,32.55,33.28,31.63,32.22
25/09/2020,32.25,32.66,31,31.23
28/09/2020,31.16,31.4,30.7,30.83
29/09/2020,30.95,31.35,29.7,29.77
30/09/2020,30,31.1,29.45,30.38
01/10/2020,30.4,31,29.58,30.67
02/10/2020,30.6,34.3,30.53,32.08
05/10/2020,31.65,32.04,30.6,30.83
06/10/2020,30.85,31.7,29.8,31.23
07/10/2020,31.55,31.62,29.68,30.02
08/10/2020,30,30.15,27.95,28.13
09/10/2020,28.05,28.05,26.61,26.88
12/10/2020,26.85,27.25,26.15,26.33
13/10/2020,26.15,27.71,26.15,26.77
14/10/2020,26.9,27.68,26.3,27.08
15/10/2020,27.2,29.53,27.09,27.58
16/10/2020,27.59,28,27.07,27.88
19/10/2020,27.75,29.35,27.13,29.17
20/10/2020,28.85,29.8,28.15,29.27
21/10/2020,29.2,30.3,28.6,29.07
22/10/2020,29.3,29.85,28.35,28.83
23/10/2020,28.8,29.32,28.44,28.77
26/10/2020,29.05,31.82,28.93,31.33
27/10/2020,31.45,32.05,30.65,31.33
28/10/2020,31.8,36.2,31.75,36
29/10/2020,35.7,36.15,32.16,33.13
30/10/2020,34.45,36.5,33.33,34.1
02/11/2020,34.5,35.25,32.55,33.38
03/11/2020,33.15,33.2,30.99,31.42
04/11/2020,31.2,33.1,28.21,28.38
05/11/2020,28.6,29,27.14,27.77
06/11/2020,27.7,28.9,25.2,25.48
09/11/2020,25.4,25.63,22.45,25.58
10/11/2020,25.2,26.15,24.07,24.67
11/11/2020,24.7,24.96,23.18,23.83
12/11/2020,24.1,26.9,23.8,25.88
13/11/2020,25.9,26.5,23.25,23.33
16/11/2020,23.35,24.11,22.69,22.92
17/11/2020,22.85,24.21,22.75,22.98
18/11/2020,23.1,23.6,21.6,22.41
19/11/2020,24.95,25.2,24.09,24.48
20/11/2020,24.9,25.15,23.95,24.38
23/11/2020,24.75,24.75,23.7,24.1
24/11/2020,24.1,24.1,23.45,23.6
25/11/2020,23.6,23.95,22.6,22.63
26/11/2020,22.8,22.98,22.67,22.98
27/11/2020,22.7,23.06,22.25,22.83
30/11/2020,22.5,23.8,22.35,22.38
01/12/2020,22.5,22.95,21.85,22.83
02/12/2020,22.65,23.05,22.2,22.67
03/12/2020,22.8,23.31,22.3,22.98
04/12/2020,23,23.01,22.15,22.48
07/12/2020,22.65,23.15,22.35,22.48
08/12/2020,22.8,22.96,21.35,21.38
09/12/2020,21.4,22.78,20.88,22.52
10/12/2020,22.45,23.25,21.81,22.52
11/12/2020,22.4,25,22.35,23.63
14/12/2020,23.15,24.4,22.3,24.27
15/12/2020,24.25,24.6,22.82,22.88
16/12/2020,23.05,23.1,22.15,23.35
17/12/2020,24.25,24.3,23.55,23.83
18/12/2020,23.86,25,23.8,24.17
21/12/2020,24.2,27.85,23.95,26.33
22/12/2020,26.25,27.1,25.6,25.77
23/12/2020,25.8,26.5,24.1,24.63
24/12/2020,24.6,24.67,23.8,23.83
28/12/2020,23.9,24.25,23.28,23.67
29/12/2020,23.65,25.2,23.3,24.63
30/12/2020,24.9,24.9,23.55,23.67
31/12/2020,23.8,24.13,23.18,23.67
04/01/2021,23.4,27.35,23.15,26.27
05/01/2021,26.5,27.45,24.95,25.33
06/01/2021,25.5,26.45,23.2,25.13
07/01/2021,24.6,24.63,22.95,23.23
08/01/2021,23.2,23.77,22.55,22.77
11/01/2021,22.8,24.81,22.8,24.48
12/01/2021,24.3,24.8,23.3,23.33
13/01/2021,23.5,23.96,22.5,22.67
14/01/2021,22.75,23.3,22.27,23.17
15/01/2021,23.1,25.2,23,23.77
18/01/2021,25.77,25.83,25.52,25.58
19/01/2021,24.3,24.55,22.55,23.23
20/01/2021,22.9,23,22.2,22.59
21/01/2021,24.81,25.2,24.5,24.52
22/01/2021,24.6,25.88,24.6,24.88
25/01/2021,25,27.1,24.35,25.95
26/01/2021,25.9,26.47,24.95,25.41
27/01/2021,25.35,36.15,25.25,31.53
28/01/2021,32.7,34.35,28.85,30.39
29/01/2021,30.4,34.1,29.6,32.39
01/02/2021,33.05,34.55,30.07,30.33
02/02/2021,30.6,30.8,27.15,27.58
03/02/2021,27.45,27.54,25.25,25.78
04/02/2021,25.53,26.4,24.1,24.23
05/02/2021,24.35,24.9,24.05,24.1
08/02/2021,24.05,24.45,23.74,23.84
09/02/2021,23.85,24.5,23.45,23.7
10/02/2021,23.8,25.15,23.4,23.74
11/02/2021,23.75,24.35,22.65,22.71
12/02/2021,23,23.75,21.3,21.36
14/02/2021,25.85,25.88,25.83,25.88
15/02/2021,25.85,25.88,25.57,25.73
16/02/2021,21.4,22.5,21.13,21.24
17/02/2021,21.5,22.1,20.8,22.81
18/02/2021,25.75,26.75,25.5,25.8
19/02/2021,25.85,26.55,24.54,24.8
22/02/2021,24.8,26.33,24.6,25.9
23/02/2021,25.55,27.55,24.7,24.75
24/02/2021,25,26,23.7,23.76
25/02/2021,24,29,23.78,28.22
26/02/2021,28.3,29.35,26.13,26.74
01/03/2021,26.75,27,24.2,24.62
02/03/2021,24.5,25.15,24.11,24.76
03/03/2021,24.75,26.4,23.65,26.13
04/03/2021,26.2,29.25,25.19,27.52
05/03/2021,27.3,28.55,24.9,25.05
08/03/2021,24.9,26.65,24.35,25.37
09/03/2021,25.4,25.55,23.6,23.97
10/03/2021,23.95,24.25,23.05,23.5
11/03/2021,23.42,23.65,22.65,22.89
12/03/2021,23,23.81,21.93,21.98
15/03/2021,22.05,22.24,20.05,20.1
16/03/2021,20.42,20.6,19.55,19.92
17/03/2021,19.8,20.7,19.8,20.8
18/03/2021,23.15,24.55,22.75,24.3
19/03/2021,24.15,24.81,23.2,23.32
22/03/2021,23.6,23.85,21.55,21.73
23/03/2021,21.77,23.32,21.77,22.83
24/03/2021,22.6,23.1,21.85,22.98
25/03/2021,22.9,24.5,22.15,22.31
26/03/2021,22.3,22.9,21.1,21.39
29/03/2021,21.55,22.7,21.45,22
30/03/2021,21.9,22.35,20.97,21.03
31/03/2021,21.1,21.35,20.37,20.73
01/04/2021,20.7,20.8,19.8,20.08
02/04/2021,19.83,19.83,19.58,19.62
05/04/2021,19.9,19.9,19.3,19.54
06/04/2021,19.48,19.85,19.15,19.56
07/04/2021,19.65,19.7,18.85,18.99
08/04/2021,18.9,18.91,18.25,18.49
09/04/2021,18.4,18.83,18,18.15
12/04/2021,18.35,18.85,17.95,18
13/04/2021,18.05,18.48,17.55,17.68
14/04/2021,17.75,18.3,17.45,18.1
15/04/2021,17.95,18,17.07,17.15
16/04/2021,17.15,17.4,16.85,17
19/04/2021,17.2,18.51,17.1,17.66
20/04/2021,17.7,19.3,17.41,18.65
21/04/2021,18.9,19.2,18,19.28
22/04/2021,20.2,21.65,19.85,21.17
23/04/2021,21.05,21.15,19.9,20.43
26/04/2021,20.4,20.55,20.1,20.21
27/04/2021,20.25,20.45,19.65,19.71
28/04/2021,19.83,20,19.5,19.66
29/04/2021,19.65,20.4,19.2,19.57
30/04/2021,19.65,20.7,19.65,20.44
03/05/2021,20.45,20.55,19.65,19.73
04/05/2021,19.75,22,19.6,20.55
05/05/2021,20.75,20.85,19.5,19.98
06/05/2021,20.1,21.1,19.56,19.69
07/05/2021,19.8,19.95,18.2,18.29
10/05/2021,18.35,19.93,18,19.48
11/05/2021,19.78,22.1,19.5,21.24
12/05/2021,21.7,27.15,21.2,25.97
13/05/2021,26.25,27.03,22.12,22.69
14/05/2021,22.75,22.9,18.89,19.13
17/05/2021,19.25,21.35,18.95,19.91
18/05/2021,19.7,21.9,18.79,21.14
19/05/2021,21.6,25.35,21.6,25.21
20/05/2021,23.65,24,21.85,22.1
21/05/2021,22.2,22.2,21.4,21.85
24/05/2021,22.05,22.25,20.5,20.76
25/05/2021,20.85,21.15,20.5,20.7
26/05/2021,20.65,20.65,19.58,19.62
27/05/2021,19.6,20.1,18.5,18.57
28/05/2021,18.6,19.2,18.45,19.13
30/05/2021,19.02,19.02,18.88,18.98
31/05/2021,18.98,24.32,18.9,19.18
01/06/2021,18.95,19.65,18.45,19.56
02/06/2021,19.4,19.61,18.65,18.92
03/06/2021,19,20,18.92,19.29
04/06/2021,19.35,19.71,17.95,18.12
07/06/2021,18.29,18.55,17.6,17.64
08/06/2021,17.75,18.46,17.5,17.9
09/06/2021,18,18.5,17.62,18.38
10/06/2021,18.35,18.65,16.85,16.9
11/06/2021,17.03,17.05,16.07,16.55
14/06/2021,16.65,17.08,16.05,16.45
15/06/2021,16.65,17.43,16.2,17.1
16/06/2021,17.3,17.44,16.9,16.38
17/06/2021,19.8,20.55,18.84,19.51
18/06/2021,19.5,21.65,19.25,21.34
21/06/2021,21.45,22.25,19.6,19.92
22/06/2021,20.1,20.35,18.7,18.83
23/06/2021,18.8,18.95,18.25,18.44
24/06/2021,18.37,18.4,17.9,18.17
25/06/2021,18.15,18.3,17.65,17.7
28/06/2021,17.7,18.05,17.5,17.72
29/06/2021,17.8,18.13,17.58,18.13
30/06/2021,18.05,18.41,17.75,17.9
01/07/2021,17.85,18,17.44,17.47
02/07/2021,17.55,17.66,16.85,17.47
04/07/2021,17.5,17.52,17.42,17.48
05/07/2021,17.55,17.65,17.17,17.23
06/07/2021,17.45,18.7,17.19,18
07/07/2021,18.16,18.8,17.7,18.05
08/07/2021,17.95,20.5,17.9,19.55
09/07/2021,19.75,20.1,17.7,17.8
12/07/2021,17.85,18.4,17.25,17.37
13/07/2021,17.3,17.9,16.95,17.73
14/07/2021,17.75,18.05,16.91,17.05
15/07/2021,17.16,18.25,17.15,17.51
16/07/2021,17.65,18.76,16.8,18.62
19/07/2021,18.55,24.76,18.35,22.74
20/07/2021,21.95,22.85,19.75,19.96
21/07/2021,19.95,20,18.5,18.9
22/07/2021,20.1,20.85,19.9,20.57
23/07/2021,20.2,20.5,19.95,20.37
26/07/2021,20.4,21.45,20,20.15
27/07/2021,20.15,21.9,20.05,20.71
28/07/2021,21.08,21.25,19.78,20.11
29/07/2021,20.4,20.7,19.55,19.71
30/07/2021,20.1,21.12,19.78,20.27
02/08/2021,20.45,21.3,19.55,21.15
03/08/2021,21.1,21.45,19.8,19.85
04/08/2021,20,20.46,19.6,19.85
05/08/2021,19.9,19.95,19.25,19.31
06/08/2021,19.4,19.5,18.65,18.7
09/08/2021,18.8,19.35,18.25,18.42
10/08/2021,18.4,18.6,17.8,17.98
11/08/2021,18.05,18.3,17.35,17.44
12/08/2021,17.65,17.8,16.78,17
13/08/2021,16.88,17.05,16.5,16.63
16/08/2021,16.65,17.95,16.45,16.5
17/08/2021,16.65,19.35,16.5,17.58
18/08/2021,18,18.4,17.35,18.58
19/08/2021,21.65,23.2,21.3,22.35
20/08/2021,22.2,23.1,20.35,20.53
23/08/2021,20.6,20.6,19.45,19.85
24/08/2021,19.7,19.9,19.5,19.73
25/08/2021,19.65,19.9,19.15,19.23
26/08/2021,19.3,20.45,19.25,20.12
27/08/2021,20.15,20.4,18.8,18.95
30/08/2021,19.1,19.2,18.65,18.75
31/08/2021,18.7,19.1,18.43,18.62
01/09/2021,18.5,18.76,17.9,18.08
02/09/2021,18.1,18.45,17.75,17.96
03/09/2021,18.05,18.65,17.85,18.35
05/09/2021,18.28,18.48,18.25,18.42
06/09/2021,18.45,18.58,17.92,18.1
07/09/2021,18.3,19.3,17.9,18.83
08/09/2021,18.9,20.15,18.7,18.77
09/09/2021,19.1,20.1,18.33,19.37
10/09/2021,19.5,20.71,18.1,20.62
13/09/2021,20.4,20.8,19.05,19.3
14/09/2021,19.3,20.4,18.65,19.72
15/09/2021,19.5,19.83,18.95,19.79
16/09/2021,20.8,21.41,20.34,20.56
17/09/2021,20.69,22.35,20.39,21.94
20/09/2021,22.15,26.75,21.98,24.46
21/09/2021,24.7,25.03,23.1,23.43
22/09/2021,23.9,24.48,21.64,22.1
23/09/2021,21.96,22.05,20.45,20.6
24/09/2021,20.6,21.36,19.75,19.82
27/09/2021,19.75,20.4,19.3,20.11
28/09/2021,20.35,23.15,20,22.52
29/09/2021,22.8,23.16,21.7,22.99
30/09/2021,22.7,23.45,21.63,22.87
01/10/2021,23,24.05,21.3,21.99
04/10/2021,21.65,23.61,21.25,22.68
05/10/2021,22.75,23.55,21.1,21.75
06/10/2021,21.6,23.55,21.15,21.22
07/10/2021,21.3,21.31,20,20.1
08/10/2021,20.15,20.37,19.38,19.72
11/10/2021,19.9,20.6,19,20.15
12/10/2021,20.2,20.8,19.43,19.72
13/10/2021,20.1,20.2,19.1,19.15
14/10/2021,19.18,19.18,17.57,17.6
15/10/2021,17.66,17.77,16.75,17.17
18/10/2021,17.05,17.81,16.55,16.62
19/10/2021,16.8,16.9,15.9,15.96
20/10/2021,16,16.15,15.75,15.35
21/10/2021,19.35,19.7,18.65,18.7
22/10/2021,18.95,19.6,18.55,19.1
25/10/2021,19.25,19.45,18.5,18.55
26/10/2021,18.6,19.4,18.25,18.92
27/10/2021,18.95,19.5,18.4,19.35
28/10/2021,19.3,19.35,18.6,18.65
29/10/2021,18.95,19.55,18.65,18.78
01/11/2021,18.75,19.26,18.35,18.4
02/11/2021,18.45,18.66,17.81,17.85
03/11/2021,17.9,18.15,17,17.11
04/11/2021,17.22,17.8,16.83,17.4
05/11/2021,17.35,18.55,17,18.44
08/11/2021,18.45,18.95,17.95,18.49
09/11/2021,18.4,19.6,18.4,18.9
10/11/2021,18.95,20.3,18.45,19.53
11/11/2021,19.65,19.7,18.35,18.76
12/11/2021,18.65,18.7,17.4,17.42
15/11/2021,17.4,17.88,16.93,17
16/11/2021,17,17.38,16.15,16.8
17/11/2021,19.95,20.45,19.82,16.34
18/11/2021,20.3,20.75,20,20.5
19/11/2021,20.5,21.1,20.2,20.8
22/11/2021,20.7,21.26,20.15,21.15
23/11/2021,21,21.6,20.5,20.56
24/11/2021,20.7,21.6,20.15,20.35
25/11/2021,20.23,20.53,20.02,20.48
26/11/2021,20.25,27,20.05,26.54
29/11/2021,25.75,25.8,21.4,22.2
30/11/2021,22.45,25.8,22.01,25.69
01/12/2021,25.1,27.95,22.59,27.83
02/12/2021,26.07,27.27,25.07,25.94
03/12/2021,25.8,31.5,25.35,28.73
06/12/2021,28.7,28.85,25.7,25.85
07/12/2021,25.85,25.85,22.15,22.54
08/12/2021,22.4,23.1,20.65,20.83
09/12/2021,20.85,22.25,20.45,21.57
10/12/2021,21.6,21.85,19.75,19.8
13/12/2021,19.9,21.25,19.35,20.58
14/12/2021,20.5,22.6,20.09,21.29
15/12/2021,21.55,22.55,19,19.08
16/12/2021,19.2,21.25,18.35,20.42
17/12/2021,20.2,22.46,20,21.07
20/12/2021,21.05,25.75,21,22.81
21/12/2021,23.73,24.13,22.92,21.07
22/12/2021,21.2,21.75,20.7,20.83
23/12/2021,21.8,21.95,21.3,21.65
27/12/2021,21.7,21.9,20.9,21.01
28/12/2021,21.05,21.28,20.45,20.53
29/12/2021,20.5,20.7,19.75,20.01
30/12/2021,19.95,20.15,19.4,19.94
31/12/2021,19.75,20.2,19.5,19.67
03/01/2022,19.6,19.81,18.75,18.86
04/01/2022,19,19.65,18.55,18.87
05/01/2022,19,21.1,18.62,20.77
06/01/2022,20.95,21.8,20.22,20.85
07/01/2022,20.85,21.5,20.2,20.4
10/01/2022,20.55,23.05,19.8,19.9
11/01/2022,20.05,20.85,18.9,18.95
12/01/2022,19,19.2,18.15,18.58
13/01/2022,18.7,20.63,18.25,20.42
14/01/2022,20.5,21.6,19.57,19.67
16/01/2022,19.68,21.83,19.68,21.83
17/01/2022,21.88,22.18,21.68,21.83
18/01/2022,19.7,22.9,19.45,22.62
19/01/2022,22.45,23.5,21.7,22.79
20/01/2022,24,25.88,22.4,24.97
21/01/2022,25.5,27.6,24.9,27.31
24/01/2022,27.25,33.1,26.15,28.07
25/01/2022,28.05,31.15,27.21,28.16
26/01/2022,29.2,29.45,25.45,28.63
27/01/2022,28.4,30.7,26.45,28.83
28/01/2022,28,30.1,26.55,26.87
31/01/2022,26.95,27.94,24.75,24.85
01/02/2022,24.85,25.15,22.6,22.75
02/02/2022,22.8,23.35,21.95,22.03
03/02/2022,23.05,25.85,23.03,25.73
04/02/2022,24.1,26.1,23.32,24.26
07/02/2022,24.3,24.7,22.85,23.65
08/02/2022,23.45,23.91,22.2,22.31
09/02/2022,22.35,22.38,21.1,21.16
10/02/2022,21.35,24.95,21.25,24.22
11/02/2022,24.2,29.7,23.7,27.81
14/02/2022,27.16,29.48,26.98,28.34
15/02/2022,28.25,28.8,25.22,25.38
16/02/2022,25.8,26.3,24.7,26.37
17/02/2022,24.55,27.8,24.28,27.57
18/02/2022,27.6,28.85,26.25,28.15
20/02/2022,28.38,28.88,28.38,28.78
21/02/2022,28.83,29.98,26.78,29.38
22/02/2022,28.35,30.3,26.75,27.96
23/02/2022,27.82,29.82,26.68,29.67
24/02/2022,29.8,34.05,28.44,28.55
25/02/2022,28.79,30.44,26.82,27.26
28/02/2022,29.5,31.1,28.04,28.62
01/03/2022,28.7,32.61,28.13,32.12
02/03/2022,31.75,32.85,29.35,29.61
03/03/2022,29.92,30.9,28.8,29.91
04/03/2022,29.75,33.2,29.7,31.53
07/03/2022,32.85,34.94,31.4,34.81
08/03/2022,34.8,36.5,32.04,33.92
09/03/2022,34.2,34.35,31.05,32.12
10/03/2022,31.8,33.43,30.15,30.42
11/03/2022,30.4,31.1,28.45,31
14/03/2022,30.5,32.9,29.59,31.8
15/03/2022,31.62,33.4,31.2,32.28
16/03/2022,30.2,30.65,27.34,27.54
17/03/2022,27.3,28.1,26.68,27.11
18/03/2022,27.5,27.95,25.5,25.64
21/03/2022,25.7,26.45,24.78,25.48
22/03/2022,25.4,25.95,24.7,25
23/03/2022,25,25.8,24.8,24.89
24/03/2022,25.15,25.2,24.05,24.27
25/03/2022,24.25,24.71,23.4,23.46
28/03/2022,23.55,24.8,22.9,22.99
29/03/2022,23.04,23.15,21.55,21.75
30/03/2022,21.85,22.85,21.54,22.07
31/03/2022,22,23.6,21.75,23.47
01/04/2022,23.15,23.5,22.25,22.33
04/04/2022,22.5,22.6,20.9,20.96
05/04/2022,21.1,23.31,20.93,23.26
06/04/2022,22.8,25.6,22.75,23.7
07/04/2022,24,24.45,22.64,22.98
08/04/2022,23.1,23.7,22,22.85
11/04/2022,22.75,24.86,22.66,24.7
12/04/2022,24.75,25.55,23.3,25.06
13/04/2022,24.9,25,22.5,22.69
14/04/2022,22.9,23.65,21.95,23.42
18/04/2022,23.5,24.36,22.5,22.95
19/04/2022,22.65,23.15,20.7,21.15
20/04/2022,21.8,22.1,20.1,20.3
21/04/2022,22.95,25.18,22.46,24.69
22/04/2022,24.79,28.55,24.45,27.99
25/04/2022,28.05,29.65,27.03,27.26
26/04/2022,27.1,31.2,26.83,30.3
27/04/2022,30.95,31,28.95,30.82
28/04/2022,29.85,30.1,27.7,29.24
29/04/2022,29.5,31.8,28.6,31.65
02/05/2022,31.2,33.45,30.7,30.95
03/05/2022,30.6,31.35,28.55,28.89
04/05/2022,28.8,28.95,25.6,25.76
05/05/2022,26.05,32.1,25.95,31.33
06/05/2022,31.05,33.88,30.5,30.81
09/05/2022,31.15,34.29,31.1,33.82
10/05/2022,34.05,34.9,31.64,32.25
11/05/2022,32.35,33.75,30.4,32.16
12/05/2022,31.5,33.48,31,31.25
13/05/2022,31.45,31.45,29.2,29.4
16/05/2022,28.8,29.55,27.35,27.59
17/05/2022,27.6,27.75,25.75,26.6
18/05/2022,27.36,32.13,27.33,27.68
19/05/2022,32.18,32.93,28.73,29.29
20/05/2022,29.15,31.7,28.05,29.42
23/05/2022,29.35,29.95,28.5,29.08
24/05/2022,29.15,30.55,28.94,29.19
25/05/2022,29.15,30,28.15,28.49
26/05/2022,28.48,28.63,27.78,28.06
27/05/2022,28.25,28.4,26.75,26.87
29/05/2022,26.75,26.83,26.68,26.73
30/05/2022,26.78,27.03,26.43,26.83
31/05/2022,26.7,28.25,26.2,26.41
01/06/2022,26.45,27.86,25.75,26.19
02/06/2022,26.3,26.55,25.1,25.6
03/06/2022,25.5,26.7,25.43,25.96
06/06/2022,26,26.16,25.15,25.59
07/06/2022,25.6,26.45,24.64,24.68
08/06/2022,24.85,25.4,24.5,24.7
09/06/2022,24.75,26.51,24.39,26.42
10/06/2022,26.35,29.35,26.15,28.29
13/06/2022,29.3,33.25,29.1,32.89
14/06/2022,32.75,33.05,31.45,31.81
15/06/2022,31.8,31.95,28.95,30.03
16/06/2022,29.7,32.75,29.15,31.92
17/06/2022,32,32.25,30.55,30.9
19/06/2022,30.7,30.78,30.48,30.58
20/06/2022,30.61,32.13,30.08,30.18
21/06/2022,30.75,32.1,29.15,30.32
22/06/2022,30.1,31.4,28.9,29.01
23/06/2022,29.15,29.8,28.65,29.01
24/06/2022,29.1,29.2,28,28.48
27/06/2022,28.29,28.81,27.35,27.41
28/06/2022,27.45,28.6,26.87,28.33
29/06/2022,28.55,29.15,28,28.33
30/06/2022,28.1,29.95,28,28.56
01/07/2022,28.8,29.65,27.55,27.69
03/07/2022,27.73,28.03,27.73,28.03
04/07/2022,27.98,28.33,27.53,27.58
05/07/2022,27.8,29.75,27.5,27.73
06/07/2022,27.82,28.4,26.95,27.2
07/07/2022,27.2,27.55,26.4,26.85
08/07/2022,26.85,27.3,25.79,26.05
11/07/2022,26,27.27,26,27.19
12/07/2022,27.1,27.86,26.32,27.39
13/07/2022,27.4,28.8,26.5,26.86
14/07/2022,27.25,28.65,26.83,26.87
15/07/2022,26.9,27.3,25.1,25.21
18/07/2022,25.2,26.13,24.77,25.7
19/07/2022,25.55,25.65,24.33,24.83
20/07/2022,24.7,24.85,24,24.37
21/07/2022,26.45,26.75,25.69,25.74
22/07/2022,25.95,26.4,25.4,25.5
25/07/2022,25.6,25.95,25,25.21
26/07/2022,25.45,26.35,25.3,25.95
27/07/2022,25.7,25.71,24.45,25
28/07/2022,25.05,25.15,23.45,23.67
29/07/2022,23.45,23.9,23.3,23.42
01/08/2022,23.35,24.4,23.35,24.21
02/08/2022,24.2,25.25,23.65,24.61
03/08/2022,24.55,24.78,23,23.16
04/08/2022,23.25,24,23.1,23.2
05/08/2022,23.2,24,22.35,22.45
08/08/2022,22.55,23.15,21.85,22.66
09/08/2022,22.6,23.3,22.55,22.99
10/08/2022,22.9,23.1,21.2,21.35
11/08/2022,21.45,22.17,21.1,21.5
12/08/2022,21.4,21.65,20.55,21.19
15/08/2022,21.35,21.63,20.35,20.43
16/08/2022,20.55,20.8,19.95,20
17/08/2022,20,20.75,19.8,20.11
18/08/2022,23.33,23.65,22.9,23
19/08/2022,23.05,24.6,23,24.1
22/08/2022,24.25,25.91,24.25,25.82
23/08/2022,25.65,26.1,24.88,25.33
24/08/2022,25.4,25.7,24.2,24.35
25/08/2022,24.2,24.45,23.45,23.6
26/08/2022,23.7,26.31,23.45,26.18
29/08/2022,26.45,27.15,25.7,26.03
30/08/2022,26.15,27,25.35,26.46
31/08/2022,26.3,26.48,25.41,25.79
01/09/2022,25.9,27.2,25.5,25.62
02/09/2022,25.7,26.45,24.25,25.94
04/09/2022,25.7,26.08,25.7,25.73
05/09/2022,25.68,26.03,25.33,25.48
06/09/2022,25.65,27,24.9,26.76
07/09/2022,26.7,27.2,24.8,24.9
08/09/2022,25.03,25.73,24.23,24.28
09/09/2022,24.25,24.33,23.55,23.95
12/09/2022,23.75,24.31,23.1,23.92
13/09/2022,23.8,27.2,23.41,26.75
14/09/2022,26.7,27.11,26,26.42
15/09/2022,26.1,26.7,25.4,26.36
16/09/2022,26.65,28.3,26.15,26.22
19/09/2022,26.25,27.3,25.5,25.78
20/09/2022,25.7,27.66,25.48,27
21/09/2022,27.1,27.7,26.8,26.65
22/09/2022,28.4,28.75,27.5,28.1
23/09/2022,27.8,31.21,27.8,29.86
26/09/2022,30.1,31.2,29.25,30.92
27/09/2022,30.85,32.2,29.75,31.38
28/09/2022,31.05,32.71,29.5,29.89
29/09/2022,29.85,32.3,29.69,30.94
30/09/2022,30.95,31.6,29.83,31.52
03/10/2022,31.65,32.2,29.35,29.99
04/10/2022,29.9,30.2,28.5,28.8
05/10/2022,28.8,30.05,28.6,28.96
06/10/2022,28.89,30.06,28.15,29.92
07/10/2022,30,31.7,29.55,31.2
10/10/2022,31.6,33.11,31.3,32.11
11/10/2022,32,33.24,31.5,32.75
12/10/2022,32.45,32.76,31.8,32.17
13/10/2022,32.1,33.27,30.75,31.05
14/10/2022,30.8,32.7,30.15,31.93
17/10/2022,32,32.05,30.25,31.18
18/10/2022,31.05,31.65,30.5,30.86
19/10/2022,30.7,31.6,30.5,31.77
20/10/2022,30.45,30.89,29.4,29.96
21/10/2022,30.05,30.36,29.25,29.99
24/10/2022,29.65,30.35,29.25,29.35
25/10/2022,29.55,29.7,28.1,28.19
26/10/2022,28.45,28.9,27.35,27.49
27/10/2022,27.45,27.91,26.75,26.92
28/10/2022,27.4,27.65,26,26.26
31/10/2022,26.15,26.75,25.75,25.88
01/11/2022,25.92,26.15,25.51,25.63
02/11/2022,25.8,26.7,25.43,26.45
03/11/2022,26.45,27.28,25.55,25.67
04/11/2022,25.75,26.3,24.65,25.53
07/11/2022,26,26,24.9,25.16
08/11/2022,25.15,26.41,24.9,26.1
09/11/2022,26.15,27.15,26,26.86
10/11/2022,26.85,26.95,24.23,24.63
11/11/2022,24.75,25.21,23.83,23.95
14/11/2022,24.05,24.4,23.27,24.24
15/11/2022,24.05,26.05,23.38,24.58
16/11/2022,24.7,25.6,23.85,24.93
17/11/2022,25.15,25.75,24.7,24.77
18/11/2022,24.75,25.1,24.45,24.51
21/11/2022,24.45,24.8,23.75,23.81
22/11/2022,23.83,23.95,22.9,22.95
23/11/2022,22.95,23.15,22.35,22.4
24/11/2022,22.48,22.53,22.38,22.43
25/11/2022,22.5,22.8,22.35,22.49
28/11/2022,22.6,23.65,22.55,23.4
29/11/2022,23.48,23.6,22.95,23.04
30/11/2022,23.1,23.55,21.9,22.12
01/12/2022,22.05,22.61,21.55,21.57
02/12/2022,21.65,22.45,21.05,21.2
05/12/2022,21.3,22.2,21.1,21.69
06/12/2022,21.67,22.73,21.25,22.45
07/12/2022,22.48,23.2,22.3,22.86
08/12/2022,22.9,23.16,22.23,22.4
09/12/2022,22.46,23.25,22.15,23.1
12/12/2022,23.2,23.4,22.8,23.1
13/12/2022,23.17,23.46,21.2,21.69
14/12/2022,21.8,22.05,20.45,20.63
15/12/2022,20.57,23.15,20.5,22.31
16/12/2022,22.45,23.25,21.93,22.45
19/12/2022,22.6,22.63,21.45,22.15
20/12/2022,22.25,23.1,21.25,21.48
21/12/2022,21.5,21.5,20.55,20.25
22/12/2022,22.95,25.4,22.75,24.26
23/12/2022,24.35,24.5,23.35,23.63
26/12/2022,23.48,23.48,23.23,23.28
27/12/2022,23.6,24.1,23.2,23.45
28/12/2022,23.45,23.65,22.85,23.55
29/12/2022,23.55,23.6,22.85,23.21
30/12/2022,23.15,23.71,23.05,23.1
02/01/2023,22.98,23.03,22.93,23.03
03/01/2023,23,23.95,22.6,23.05
04/01/2023,23.3,23.3,22.38,22.4
05/01/2023,22.6,23.2,22.32,22.65
06/01/2023,22.7,22.81,21.8,22.2
09/01/2023,22.16,22.62,21.78,22.27
10/01/2023,22.4,22.73,21,21.09
11/01/2023,21.15,21.45,21,21.2
12/01/2023,21.25,21.62,19.79,19.82
13/01/2023,19.9,20.2,19.13,19.5
15/01/2023,20.68,20.78,20.63,20.73
16/01/2023,20.78,20.98,20.68,20.88
17/01/2023,19.45,20.1,19.25,19.32
18/01/2023,19.55,19.7,18.95,19.09
19/01/2023,21.65,22.55,21.45,21.75
20/01/2023,21.65,21.85,20.85,21.09
23/01/2023,21,21.15,20.65,20.75
24/01/2023,20.75,21.05,19.85,19.95
25/01/2023,20,21.4,19.85,19.96
26/01/2023,20.05,20.23,19.59,19.67
27/01/2023,19.7,19.86,18.95,19.32
30/01/2023,19.45,20.41,19.4,20.05
31/01/2023,20,20.62,19.3,19.53
01/02/2023,19.45,20.05,18.5,18.75
02/02/2023,18.75,19.9,18.1,19.3
03/02/2023,19.55,20.3,19.18,19.34
06/02/2023,19.4,20.2,19.38,20.01
07/02/2023,19.98,20.4,19.09,19.21
08/02/2023,19.45,20.55,19.15,20.05
09/02/2023,20.1,20.9,19.35,20.81
10/02/2023,20.7,21.7,20.69,20.93
13/02/2023,20.75,21.25,19.8,19.91
14/02/2023,19.9,20.05,18.55,18.65
15/02/2023,18.95,19.3,18.7,18.69
16/02/2023,20.11,21.26,19.91,21.16
17/02/2023,21.21,22.06,21.15,21.25
19/02/2023,21.43,21.43,21.33,21.38
20/02/2023,21.48,21.63,21.33,21.61
21/02/2023,21.5,23.1,21.3,22.9
22/02/2023,23,23.26,22.05,22.21
23/02/2023,22.05,22.45,21.2,21.37
24/02/2023,21.35,22.87,21.3,22.19
27/02/2023,22.25,22.25,21.05,21.33
28/02/2023,21.23,21.6,20.55,20.78
01/03/2023,21,21.6,20.6,21.03
02/03/2023,21.02,21.7,20.15,20.2
03/03/2023,20.3,20.45,19.4,19.5
06/03/2023,19.45,19.65,19.05,19.22
07/03/2023,19.2,19.95,18.85,19.75
08/03/2023,19.76,20,19.2,19.31
09/03/2023,19.25,22,18.9,21.8
10/03/2023,21.8,27,21.15,24.18
13/03/2023,23.95,28.4,22.4,25.37
14/03/2023,25.25,25.65,22.2,23.7
15/03/2023,23.6,28.55,23.02,25.81
16/03/2023,25.9,26.93,22.95,23.02
17/03/2023,23.3,26.2,22.61,25.63
20/03/2023,25.8,28.05,23.9,24.17
21/03/2023,24.2,24.29,21.15,21.59
22/03/2023,21.6,22.1,21.2,20.68
23/03/2023,23.5,24.65,22,24.22
24/03/2023,23.85,26.25,23.16,23.22
27/03/2023,23.25,23.9,22.15,22.27
28/03/2023,22.15,22.6,21.6,21.7
29/03/2023,21.7,21.7,20.75,20.93
30/03/2023,20.95,21.7,20.6,20.83
31/03/2023,20.95,21.25,20.4,20.76
03/04/2023,21.1,21.4,20.2,20.21
04/04/2023,20.3,21.3,20.05,20.6
05/04/2023,20.6,21.25,20.35,20.42
06/04/2023,20.55,20.87,19.78,19.98
07/04/2023,20.11,20.18,19.78,20.13
10/04/2023,20.05,20.45,19.7,19.8
11/04/2023,19.85,19.95,19.32,19.77
12/04/2023,19.75,20.2,19.05,19.95
13/04/2023,20.05,20.12,18.7,18.73
14/04/2023,18.9,19.05,18.16,18.35
17/04/2023,18.15,18.3,17.4,17.42
18/04/2023,17.45,17.63,16.88,17.05
19/04/2023,17.15,17.65,16.8,16.75
20/04/2023,19.55,20,19.3,19.84
21/04/2023,19.8,20.05,19.35,19.41
24/04/2023,19.45,19.85,19.25,19.33
25/04/2023,19.35,21.2,19.28,21.02
26/04/2023,20.6,21.13,19.8,20.42
27/04/2023,20.35,20.38,19.15,19.45
28/04/2023,19.35,19.87,18.4,18.44
01/05/2023,18.5,18.65,17.65,18.17
02/05/2023,18.6,20.8,18.55,19.34
03/05/2023,19.35,20.6,18.78,19.95
04/05/2023,20.65,22.1,19.8,21.19
05/05/2023,21.15,21.15,19.05,19.29
08/05/2023,19.4,19.46,18.85,19
09/05/2023,19.05,19.7,18.96,19.42
10/05/2023,19.45,19.88,18.3,18.85
11/05/2023,18.9,19.65,18.47,18.6
12/05/2023,18.65,19.1,17.85,18.54
15/05/2023,18.61,18.77,17.55,17.8
16/05/2023,17.73,18.43,17.63,18.28
17/05/2023,18.15,18.31,17.55,17.12
18/05/2023,19.9,20.01,19.05,19.15
19/05/2023,19.1,20.1,18.85,19.65
22/05/2023,19.9,20.15,19.3,19.67
23/05/2023,19.7,20.4,19.41,20.05
24/05/2023,20.15,21.25,19.95,21
25/05/2023,20.54,20.95,20.17,20.43
26/05/2023,20.45,20.6,18.95,19.58
28/05/2023,19.13,19.26,19.08,19.08
29/05/2023,19.13,19.26,19.08,19.23
30/05/2023,19.25,19.75,18.65,18.97
31/05/2023,18.95,19.55,18.68,18.87
01/06/2023,18.9,19.05,17.65,17.7
02/06/2023,17.7,17.76,16.7,16.95
05/06/2023,17,17.15,16.48,16.5
06/06/2023,16.55,16.65,15.4,15.42
07/06/2023,15.45,15.85,15.4,15.45
08/06/2023,15.5,15.7,14.8,15.01
09/06/2023,15.1,15.52,14.93,15.24
12/06/2023,15.25,15.7,15.08,15.56
13/06/2023,15.45,15.55,15.11,15.32
14/06/2023,15.3,15.4,14.68,14.78
15/06/2023,14.7,15.2,14.55,15.1
16/06/2023,15.1,15.21,14.3,14.35
18/06/2023,16.48,16.53,16.48,16.53
19/06/2023,16.58,16.63,16.48,16.63
20/06/2023,14.35,14.7,13.95,14.03
21/06/2023,14.05,14.05,13.55,13.44
22/06/2023,16.2,16.5,15.65,15.78
23/06/2023,15.75,16.4,15.75,15.95
26/06/2023,16,16.25,15.6,16
27/06/2023,16.03,16.05,15.2,15.56
28/06/2023,15.6,15.7,14.95,14.99
29/06/2023,15.05,15.45,14.9,15.33
30/06/2023,15.25,15.3,14.85,15.01
03/07/2023,15.05,15.21,14.85,14.89
04/07/2023,14.88,14.98,14.83,14.93
05/07/2023,14.88,15.35,14.85,15.28
06/07/2023,15.26,17.95,15.25,16.17
07/07/2023,16.3,16.7,15.5,15.86
10/07/2023,15.9,16.4,15.6,15.77
11/07/2023,15.77,15.83,15.2,15.55
12/07/2023,15.41,15.7,14.25,14.29
13/07/2023,14.3,14.31,13.9,14.19
14/07/2023,14.19,14.4,13.75,13.8
17/07/2023,13.75,14,13.55,13.7
18/07/2023,13.65,13.9,13.25,13.3
19/07/2023,13.3,13.3,13.03,13.02
20/07/2023,15.86,16.12,15.6,15.85
21/07/2023,15.8,15.85,15.3,15.61
24/07/2023,15.7,15.74,15.2,15.38
25/07/2023,15.4,15.45,15,15.35
26/07/2023,15.28,15.57,14.8,14.89
27/07/2023,14.9,16.1,14.5,15.69
28/07/2023,15.65,15.75,14.85,14.99
31/07/2023,15.05,15.2,14.78,14.86
01/08/2023,14.88,15.45,14.8,15.07
02/08/2023,15.5,17.2,15.35,16.7
03/08/2023,16.85,17.75,16.35,16.75
04/08/2023,16.75,17.6,15.65,17.51
07/08/2023,17.35,17.45,16.2,16.29
08/08/2023,16.25,18.55,16.2,16.5
09/08/2023,16.5,17.2,15.85,16.35
10/08/2023,16.3,16.95,15.1,16.01
11/08/2023,16.05,16.68,15.25,15.35
14/08/2023,15.35,15.9,14.8,14.85
15/08/2023,14.9,16.55,14.6,16.17
16/08/2023,16.25,16.6,15.95,16.28
17/08/2023,18,18.95,17.6,18.85
18/08/2023,18.85,19.55,18.2,18.45
21/08/2023,18.44,18.55,17.75,17.85
22/08/2023,17.96,18.26,17.37,17.9
23/08/2023,17.9,17.92,16.9,17.29
24/08/2023,16.9,18.15,16.8,18.01
25/08/2023,18.1,18.3,16.95,17.18
28/08/2023,17.15,17.22,16.4,16.43
29/08/2023,16.42,16.6,15.76,15.9
30/08/2023,15.9,16.05,15.25,15.3
31/08/2023,15.28,15.41,14.93,15.04
01/09/2023,15.02,15.05,14.6,14.8
04/09/2023,14.78,14.88,14.63,14.83
05/09/2023,14.8,15.25,14.6,14.99
06/09/2023,15.15,15.8,15,15.35
07/09/2023,15.3,16.21,15.2,15.3
08/09/2023,15.25,15.7,14.65,14.94
11/09/2023,14.85,14.9,14.4,14.58
12/09/2023,14.62,14.85,14.25,14.64
13/09/2023,14.6,14.95,13.9,14
14/09/2023,13.95,13.96,13.3,13.37
15/09/2023,13.35,14.4,13.25,14.25
18/09/2023,14.15,14.63,13.85,14.1
19/09/2023,13.99,14.75,13.8,14.05
20/09/2023,14.16,14.25,13.8,13.96
21/09/2023,16.25,17.65,16.15,17.49
22/09/2023,17.55,17.7,16.8,17.49
25/09/2023,17.5,18.21,17.15,17.5
26/09/2023,17.3,19.3,17.25,19.17
27/09/2023,18.95,19.5,18.2,18.3
28/09/2023,18.25,18.55,17.2,17.35
29/09/2023,17.25,17.85,16.5,17.77
02/10/2023,17.1,18.3,17,17.85
03/10/2023,17.85,20.05,17.55,19.66
04/10/2023,19.75,20.35,18.4,18.52
05/10/2023,18.75,19.5,18.15,18.2
06/10/2023,18.4,19.6,17.51,18.03
09/10/2023,18.65,19.6,17.6,17.65
10/10/2023,17.7,17.75,16.6,16.99
11/10/2023,17.06,17.75,16.35,16.5
12/10/2023,16.35,17.85,15.8,16.95
13/10/2023,16.97,20.2,16.63,19.26
16/10/2023,19.15,19.36,17.04,17.16
17/10/2023,17.25,18.45,16.8,17.85
18/10/2023,18.1,18.5,17.8,18.37
19/10/2023,19.35,20.82,19,20.55
20/10/2023,20.65,21.15,20.1,20.73
23/10/2023,20.75,21.9,19.25,20
24/10/2023,19.75,20.05,18.91,19.09
25/10/2023,19.12,20.85,18.9,20.3
26/10/2023,20.3,21.17,20,20.54
27/10/2023,20.35,21.4,19.79,21.19
30/10/2023,20.9,21.23,19.45,19.59
31/10/2023,19.7,19.85,18.05,18.13
01/11/2023,18.25,18.4,17.15,17.3
02/11/2023,17.35,17.38,16.55,16.56
03/11/2023,16.65,16.8,15.98,16.15
06/11/2023,16.1,16.18,15.59,15.65
07/11/2023,15.7,15.97,15.4,15.5
08/11/2023,15.5,15.7,15.05,15.11
09/11/2023,15.23,16.06,14.86,15.89
10/11/2023,15.84,15.91,14.85,14.9
13/11/2023,15.2,15.4,14.6,14.8
14/11/2023,14.85,15.05,14.05,14.27
15/11/2023,14.19,14.35,14.05,14.22
16/11/2023,15.35,15.5,15.1,15.15
17/11/2023,15.16,15.25,14.85,14.9
20/11/2023,14.9,15,14.6,14.78
21/11/2023,14.75,14.95,14.4,14.45
22/11/2023,14.45,14.75,14.25,14.56
23/11/2023,14.58,14.63,14.43,14.43
24/11/2023,14.6,14.65,13.8,13.85
27/11/2023,13.9,14.2,13.85,13.95
28/11/2023,13.9,14.1,13.65,13.78
29/11/2023,13.85,14.1,13.65,14
30/11/2023,14,14.15,13.7,13.76
01/12/2023,13.8,13.85,13.5,13.7
04/12/2023,13.6,14.3,13.6,13.8
05/12/2023,13.9,14.05,13.65,13.66
06/12/2023,13.65,13.85,13.4,13.74
07/12/2023,13.8,13.9,13.58,13.75
08/12/2023,13.85,13.87,13.3,13.34
11/12/2023,13.33,13.35,12.9,12.95
12/12/2023,12.9,13,12.25,12.4
13/12/2023,12.36,12.55,12.1,12.18
14/12/2023,12.2,12.65,11.96,12.3
15/12/2023,12.34,12.8,12.2,12.46
18/12/2023,12.55,12.6,12.3,12.42
19/12/2023,12.5,12.65,12.25,12.41
20/12/2023,12.55,12.6,12.38,12.31
21/12/2023,15.75,15.95,15.3,15.44
22/12/2023,15.45,15.75,15,15.04
25/12/2023,15.08,15.13,15.08,15.13
26/12/2023,15.05,15.15,14.55,14.61
27/12/2023,14.6,14.65,13.95,13.99
28/12/2023,13.95,14.2,13.9,13.98
29/12/2023,14,14.45,13.85,14.05
01/01/2024,14.03,14.03,13.98,13.98
02/01/2024,14.25,14.8,13.9,14.1
03/01/2024,14.13,14.95,14.1,14.7
04/01/2024,14.7,14.8,14.35,14.66
05/01/2024,14.65,15.05,13.95,14.2
08/01/2024,14.15,14.5,13.6,13.8
09/01/2024,13.88,14.05,13.35,13.4
10/01/2024,13.45,13.51,13.2,13.35
11/01/2024,13.25,13.75,12.95,13.05
12/01/2024,13.01,13.45,12.95,13.18
14/01/2024,14.53,14.63,14.53,14.63
15/01/2024,14.58,14.68,14.48,14.68
16/01/2024,13.3,14.35,13.15,13.95
17/01/2024,13.85,14.75,13.7,15.13
18/01/2024,15.45,15.5,14.9,15
19/01/2024,15,15,14.48,14.61
22/01/2024,14.5,14.52,14,14.08
23/01/2024,14.08,14.08,13.65,13.7
24/01/2024,13.73,14.15,13.49,14.04
25/01/2024,14.05,14.3,13.9,14.23
26/01/2024,14.25,14.45,13.9,14.12
29/01/2024,14.15,14.45,14.09,14.25
30/01/2024,14.2,14.3,13.95,13.99
31/01/2024,14.1,15,13.84,14.87
01/02/2024,14.85,15.01,14.35,14.7
02/02/2024,14.4,14.75,14.24,14.55
05/02/2024,14.65,14.85,13.85,13.96
06/02/2024,13.95,14.05,13.5,13.55
07/02/2024,13.58,13.65,13.25,13.38
08/02/2024,13.4,13.65,13.3,13.35
09/02/2024,13.35,13.4,13.13,13.37
12/02/2024,13.4,13.9,13.2,13.8
13/02/2024,13.85,17.85,13.61,15.75
14/02/2024,15.75,15.75,14.65,14.32
15/02/2024,15.05,15.35,14.84,15.02
16/02/2024,15,15.25,14.7,14.95
18/02/2024,15.03,15.08,14.98,15.08
19/02/2024,15.08,15.13,14.93,15.13
20/02/2024,15.05,15.9,14.9,15.53
21/02/2024,15.55,15.75,15,15.35
22/02/2024,15.05,15.1,14.5,15.03
23/02/2024,14.9,15.01,14.4,14.43
26/02/2024,14.5,14.6,14.2,14.25
27/02/2024,14.3,14.35,13.95,14
28/02/2024,13.98,14.4,13.97,14.22
29/02/2024,14.3,14.45,13.95,14.01
01/03/2024,14.05,14.25,13.75,14.05
04/03/2024,14,14.15,13.9,14.03
05/03/2024,14.1,15.25,14,14.7
06/03/2024,14.7,14.95,14.25,14.79
07/03/2024,14.8,15.1,14.35,14.62
08/03/2024,14.65,15.75,14.2,15.08
11/03/2024,15,15.65,14.75,14.9
12/03/2024,14.85,15.21,13.9,13.96
13/03/2024,13.95,14.05,13.7,13.8
14/03/2024,13.8,15.05,13.58,14.34
15/03/2024,14.3,15.55,14.15,14.6
18/03/2024,14.6,14.65,14.05,14.36
19/03/2024,14.34,14.91,13.8,13.94
20/03/2024,13.9,14.15,13.8,14.17
21/03/2024,14.5,14.65,14.3,14.46
22/03/2024,14.45,14.65,14.25,14.48
25/03/2024,14.5,14.75,14.25,14.4
26/03/2024,14.4,14.4,14.1,14.35
27/03/2024,14.35,14.45,14.04,14.07
28/03/2024,14.05,14.4,14.05,14.37
01/04/2024,14.35,14.8,14.15,14.5
02/04/2024,14.65,15.65,14.45,15
03/04/2024,15,15.4,14.7,14.94
04/04/2024,14.9,16.35,14.45,15.83
05/04/2024,15.96,16.35,15.43,16.08
08/04/2024,16,16.02,15.15,15.35
09/04/2024,15.3,16,14.95,15.08
10/04/2024,15,16.2,14.75,15.32
11/04/2024,15.5,16.3,14.95,15.02
12/04/2024,15,18.1,15,17.09
15/04/2024,17.05,18.7,15.95,18.41
16/04/2024,18.5,19.7,17.5,18.25
17/04/2024,18,18.65,17.8,18.03
18/04/2024,17.2,17.65,16.75,17.38
19/04/2024,17.35,19.7,17.1,17.84
22/04/2024,17.7,17.7,16.2,16.47
23/04/2024,16.3,16.45,15.65,15.79
24/04/2024,15.75,16.1,15.55,15.63
25/04/2024,16,16.85,15.6,16
26/04/2024,15.6,15.71,15.3,15.4
29/04/2024,15.45,15.5,15,15.17
30/04/2024,15.2,15.85,15,15.66
01/05/2024,15.85,16.15,14.99,15.71
02/05/2024,15.75,15.86,14.95,15.16
03/05/2024,15.05,15.07,14.45,14.59
06/05/2024,14.55,14.6,14.15,14.2
07/05/2024,14.2,14.35,14.05,14.1
08/05/2024,14.1,14.25,13.85,13.91
09/05/2024,14,14.06,13.78,13.81
10/05/2024,13.8,13.87,13.52,13.55
13/05/2024,13.55,13.9,13.4,13.82
14/05/2024,13.8,13.95,13.45,13.52
15/05/2024,13.6,13.66,12.85,12.88
16/05/2024,12.9,13.1,12.75,12.83
17/05/2024,12.91,13,12.6,12.65
20/05/2024,12.65,12.8,12.4,12.57
21/05/2024,12.59,13,12.05,12.2
22/05/2024,12.3,12.47,12,12
23/05/2024,13.55,14.05,13.25,13.86
24/05/2024,13.85,13.95,13.35,13.43
26/05/2024,13.38,13.43,13.38,13.43
27/05/2024,13.38,13.43,13.28,13.35
28/05/2024,13.45,14,13.2,13.73
29/05/2024,13.71,14.5,13.7,14.34
30/05/2024,14.45,14.7,13.95,14.29
31/05/2024,14.4,14.7,13.65,13.79
