date,Open,High,Low,Close,vxno,vxnh,vxnl,vxn,vxdo,vxdh,vxdl,vxd
24/03/2020,58.76,61.88,36.24,61.67,58.42,58.42,49.04,56.95,50.49,61.2,48.28,58.38
25/03/2020,61.44,68.86,58.03,63.95,57.24,62.64,57.24,60.99,58.38,66.7,58.38,65.22
26/03/2020,65.67,67.06,57.66,61,60.93,60.93,55.8,57.6,65.22,65.22,60.77,61.33
27/03/2020,64.95,69.1,61.8,65.54,57.6,62.52,57.6,61.38,61.33,66.77,61.33,63.51
30/03/2020,66.3,67.69,56.6,57.08,61.52,61.52,54.78,55.04,63.51,63.51,59.65,59.72
31/03/2020,56.69,58.75,50.88,53.54,55.02,55.02,50.16,51.29,59.72,59.72,53.89,54.6
01/04/2020,57.38,60.59,52.76,57.06,51.26,55.69,51.1,54.29,54.6,56.87,54.6,55.8
02/04/2020,54.46,57.24,50.45,50.91,54.04,54.04,48.18,48.91,55.8,58.8,51.83,52.15
03/04/2020,51.11,52.29,46.74,46.8,48.69,48.69,44.74,44.87,52.15,52.15,48.49,48.49
06/04/2020,44.17,45.73,43.45,45.24,44.87,44.87,40.78,42.93,48.49,48.49,40.52,45.97
07/04/2020,44.83,47.51,43.51,46.7,42.92,45.53,42.33,44.69,45.88,53.99,44.8,48.15
08/04/2020,45.9,47.28,42.53,43.35,44.69,44.88,41.92,42.34,48.15,54.01,44.17,46.31
09/04/2020,43,45.73,41.39,41.67,42.37,43.5,41.12,41.36,46.31,52.81,45.42,46.03
13/04/2020,44.6,45.04,41.17,41.17,41.36,44.72,41.18,41.34,46.03,48.58,45.31,46.05
14/04/2020,40.24,40.57,37.31,37.76,41.26,41.26,37.76,38.33,46.02,46.02,36.31,41.32
15/04/2020,39.4,43.23,39.34,40.84,38.35,42.22,38.35,40.85,41.32,45.11,41.32,43.83
16/04/2020,41.92,43.02,39.87,40.11,40.84,42.77,39.26,40.36,43.83,45.12,43.02,44.19
17/04/2020,39.5,40.26,37.63,38.15,40.34,40.4,38.16,38.37,44.18,46.7,41.42,41.65
20/04/2020,40.68,43.83,39.88,43.83,38.39,43.88,38.36,43.85,41.65,48.34,41.65,45.54
21/04/2020,44.28,47.77,43.77,45.41,43.93,47.88,43.93,45.37,45.55,52.95,45.55,48
22/04/2020,44.91,45.07,41.41,41.98,45.31,45.31,41.83,42.37,48,48,43.86,44.77
23/04/2020,41.3,42.47,39.06,41.38,40.99,42.21,39.95,41.66,44.77,47.15,42.11,43.67
24/04/2020,41.91,42.08,35.6,35.93,41.66,41.66,36.28,36.5,43.67,43.67,36.67,38.99
27/04/2020,36.29,36.44,32.51,33.29,36.51,36.51,34.77,35.26,38.99,40.32,36.1,36.76
28/04/2020,33.21,35.39,30.54,33.57,35.26,37.41,34.26,36.61,36.76,48.61,32.41,36.8
29/04/2020,32.48,33.19,30.71,31.23,36.61,36.67,32.82,32.85,36.8,44.2,31.66,34.31
30/04/2020,30.99,35.94,30.93,34.15,32.91,38.12,32.91,35.28,34.31,38.12,34.31,36.55
01/05/2020,38.17,39.57,36.59,37.19,35.28,39.46,35.28,37.76,36.55,42.15,36.55,38.46
04/05/2020,39.13,40.32,35.53,35.97,37.79,40.13,36.59,36.86,38.46,40.71,37.47,37.54
05/05/2020,34.82,36.22,31.95,33.61,36.83,36.86,33.42,35.37,37.54,38.96,34.07,35.08
06/05/2020,32.69,35.69,31.68,34.12,35.36,35.82,33.86,35.6,35.08,36.65,34.15,35.37
07/05/2020,32.12,32.28,30.37,31.44,35.6,35.6,32.87,33.58,35.37,39.45,32.98,33.64
08/05/2020,30.14,30.39,27.89,27.98,33.53,33.62,30.47,30.64,33.65,33.65,30.86,30.91
11/05/2020,28.46,31.46,26.97,27.57,30.71,31.79,28.52,28.82,30.91,34.63,25.86,31.98
12/05/2020,28.47,33.04,26,33.04,28.82,33.3,26.91,33.3,31.94,38.38,29.64,35.71
13/05/2020,32.74,37.42,30.77,35.28,33.3,38.54,31.71,36.12,35.71,41.68,35.27,38.19
14/05/2020,35.16,39.28,32.33,32.61,36.07,39.83,33.23,33.79,38.19,42.84,12.05,35.89
15/05/2020,32.5,35.13,31.04,31.89,34.96,36.45,31.94,33.49,35.77,37.39,20.18,34.86
18/05/2020,30.71,31.08,28.35,29.3,33.49,33.49,29.17,30.22,34.86,34.86,27.91,32.65
19/05/2020,28.73,30.74,28.37,30.53,29.94,31.05,29.11,30.74,32.65,36.14,31.62,33.29
20/05/2020,29.52,29.83,27.83,27.99,30.77,30.77,28.52,29.12,33.27,37.97,28.74,30.62
21/05/2020,28.97,30.2,27.67,29.53,29.08,31.55,28.58,30.73,30.62,35.59,24.91,30.92
22/05/2020,31.36,31.55,28.03,28.16,30.73,31.34,29.09,29.36,30.93,32.59,29.82,29.89
26/05/2020,27.72,28.58,27.18,28.01,29.11,29.68,28.58,29.42,29.89,30.3,28.05,29.63
27/05/2020,27.62,30.53,25.92,27.62,29.37,32.81,28.92,29.52,29.62,31.47,28.19,28.85
28/05/2020,27.82,29.89,27.43,28.59,29.46,30.89,28.9,29.68,28.92,39.52,26.27,30.39
29/05/2020,29.3,30.16,27.29,27.51,30.33,31.16,27.75,27.96,30.33,40.36,27.93,28.73
01/06/2020,28.94,30.6,28.11,28.23,30.46,30.77,28.76,28.99,28.73,36.09,28.73,29.43
02/06/2020,28.4,28.52,26.66,26.84,28.99,29.85,27.46,27.68,29.43,29.43,28.4,28.45
03/06/2020,26.75,26.98,25.04,25.66,27.7,28.13,26.68,27.45,28.44,28.44,26.57,27.25
04/06/2020,26.23,26.43,24.38,25.81,27.21,27.93,26.58,27.43,27.25,27.64,25.97,26.7
05/06/2020,24.79,25.09,23.54,24.52,27.43,27.43,25.26,25.53,26.7,28.31,24.36,26.55
08/06/2020,25.56,25.98,24.65,25.81,25.53,27.37,25.53,26.8,26.55,28.24,17.26,28.16
09/06/2020,25.93,27.7,25.71,27.57,26.8,28.78,26.65,28.7,28.16,31.07,28.16,29.47
10/06/2020,26.73,29.01,26.06,27.57,27.19,29.86,27.19,29.32,29.48,31.76,26.05,30.35
11/06/2020,30.45,42.58,29.49,40.79,32.34,37.8,30.2,36.81,30.35,40.99,30.35,40.79
12/06/2020,37.68,44.16,34.97,36.09,33.59,40.61,33.19,35.49,40.79,50.12,36.38,39.18
15/06/2020,44.09,44.44,34.28,34.4,35.49,39.89,32.58,33.67,39.18,43.8,23.07,36.35
16/06/2020,34.28,37.45,31.73,33.67,30.52,34.63,30.52,32.69,36.3,43.78,22.72,35.76
17/06/2020,33.28,35.17,32.25,33.47,31.69,33.56,31.69,32.91,35.76,44.79,34.31,35.6
18/06/2020,33.83,36.25,32.24,32.94,32.91,33.94,31.09,31.57,35.6,38.89,27.98,34.96
19/06/2020,32.07,35.12,30.4,35.12,31.61,32.9,29.74,32.54,34.97,39.06,28.6,36.3
22/06/2020,35.22,35.39,31.64,31.77,32.11,33.4,31.1,31.38,36.3,37.53,29.51,34.7
23/06/2020,31.71,31.71,29.26,31.37,31.38,31.5,29.64,31.23,34.7,35.18,31.53,33.64
24/06/2020,31.05,37.12,30.95,33.84,31.2,35.5,31.2,33.58,33.7,38,31.1,35.38
25/06/2020,36.59,36.93,31.59,32.22,33.56,36.01,31.51,31.81,35.38,37.27,33.18,33.48
26/06/2020,33.01,36.25,31.04,34.73,31.81,35.38,30.9,33.81,33.52,36.63,31.28,35.71
29/06/2020,35.05,36.31,31.78,31.78,33.85,36.04,32.2,32.3,35.68,36.55,31.75,33.13
30/06/2020,32.54,32.94,29.56,30.43,32.29,32.94,30.23,30.75,33.1,33.81,24.09,31.14
01/07/2020,30.96,31.76,28.2,28.62,30.82,31.54,29.15,29.51,31.12,31.46,26.3,30.81
02/07/2020,28.33,28.44,25.9,27.68,29.5,29.5,24.96,28.6,30.81,33.18,26.83,28.59
06/07/2020,27.76,28.33,24.92,27.94,28.61,30.43,28.61,30.2,28.59,30.59,28.59,29.04
07/07/2020,28.77,29.63,27.25,29.43,30.22,32.1,29.76,31.72,29.36,34.69,29.29,30.68
08/07/2020,28.95,30.2,27.24,28.08,31.71,32.44,30.53,31.05,30.66,31.77,29.59,29.62
09/07/2020,28.18,31.48,26.11,29.26,31.03,34.23,30.83,32.68,29.62,32.48,29.47,31.37
10/07/2020,30.86,30.91,27.13,27.29,32.57,34.5,31.79,32.02,31.36,31.45,29.38,29.46
13/07/2020,27.85,32.45,26.87,32.19,31.34,38.03,31.29,37.6,29.48,51.68,29.43,33.12
14/07/2020,31.14,33.67,29.21,29.52,37.6,41.17,37,37.61,33.12,33.7,19.72,31.34
15/07/2020,29.15,30.09,27.17,27.76,37.67,38.85,35.3,35.84,31.34,31.98,29.31,30.1
16/07/2020,28.41,29.29,26.98,28,35.89,38.46,33.18,34.42,30.1,31.02,22.68,29.83
17/07/2020,27.15,27.54,25.41,25.68,34.51,34.51,30.17,30.77,29.83,30.74,15.85,27.93
20/07/2020,26.94,27.08,24.35,24.46,30.78,31.74,29.71,30.91,27.9,28.69,26.71,26.72
21/07/2020,24.08,25.65,23.61,24.84,30.94,32.61,29.97,30.91,26.75,26.95,23.08,26.79
22/07/2020,24.56,26.26,24.13,24.32,30.9,32.57,30.2,30.46,26.8,30.07,20.69,26.46
23/07/2020,23.97,26.95,23.6,26.08,30.44,33.38,29.87,32.75,26.46,28.66,25.38,27.08
24/07/2020,27.96,28.58,25.53,25.84,32.77,35.73,31.45,32.61,27.09,38.55,26.61,26.79
27/07/2020,26.6,26.94,24.55,24.74,32.69,33.41,31.16,31.55,26.77,27.78,21.88,26.09
28/07/2020,24.86,25.85,24.05,25.44,31.57,33.11,30.92,31.83,26.08,26.76,18.64,25.81
29/07/2020,25.16,25.42,23.73,24.1,31.86,31.86,30.13,30.13,25.8,26.04,24.12,24.85
30/07/2020,25.04,28.29,24.64,24.76,31.07,33,30.07,30.2,24.84,27.8,23.62,25.37
31/07/2020,24.79,26.41,23.55,24.46,28.01,31.24,27.83,27.93,25.38,26.69,18.29,23.87
03/08/2020,25.75,26.01,22.17,24.28,27.9,30.35,27.8,29.27,23.88,27.02,21.41,24.16
04/08/2020,24.01,24.76,22.92,23.76,29.27,30.25,28.26,29.12,24.17,24.47,22.62,23.16
05/08/2020,23.44,23.61,22.86,22.99,28.32,29.3,28.02,28.5,23.15,29.38,21.55,22.88
06/08/2020,23.03,24.11,20.97,22.65,28.5,29.53,27.94,28.53,22.88,23.28,22.09,22.85
07/08/2020,23.45,24.02,22.02,22.21,28.48,30.86,28.27,29.76,22.85,23.81,22.51,23.34
10/08/2020,22.88,23.52,21.46,22.13,29.93,31.77,29.56,29.86,23.33,23.88,23.2,23.35
11/08/2020,21.85,24.93,20.28,24.03,29.86,32.31,28.79,31.87,23.35,25.66,22.52,25.41
12/08/2020,22.82,22.88,21.54,22.28,31.91,31.91,29.23,30.16,25.41,25.41,22.7,23.97
13/08/2020,22.2,22.92,21.45,22.13,30.16,30.84,28.81,29.84,23.98,24.19,23.24,23.88
14/08/2020,22.27,23.55,21.79,22.05,29.83,30.53,28.94,29.15,23.88,24.48,23.1,23.5
17/08/2020,22.52,22.82,21.34,21.35,29.12,29.47,27.66,27.73,23.5,23.63,22.52,22.57
18/08/2020,21.69,22.55,21.18,21.51,27.69,28.41,26.54,26.9,22.56,23.3,21.93,22.25
19/08/2020,21.6,22.98,20.99,22.54,26.9,30.63,26.9,28.88,22.25,26.73,13.58,22.93
20/08/2020,24.1,24.6,22.37,22.72,28.91,30.21,27.99,28.44,22.93,23.98,18.05,22.8
21/08/2020,22.58,24.47,22.06,22.54,28.41,29.5,28.17,28.62,22.81,24.4,18.7,21.83
24/08/2020,22.87,23.18,21.25,22.37,28.64,31.5,28.12,29.83,21.82,22.91,21.82,22.68
25/08/2020,22.16,23.43,21.53,22.03,29.81,30.66,29.05,29.11,22.68,24.1,22.29,22.36
26/08/2020,22.14,23.27,20.92,23.27,28.91,32.13,28.84,32.1,22.35,28.36,22.35,23.4
27/08/2020,23.42,27.09,21.44,24.47,32.1,35.09,30.92,33.32,23.4,25.35,20.75,24.43
28/08/2020,24.59,26.3,22.64,22.96,32.84,35.1,32.45,32.8,24.43,26.16,21.98,23.84
31/08/2020,23.91,26.5,21.77,26.41,32.8,35.54,32.8,34.55,23.84,26.14,23.84,26.01
01/09/2020,25.86,26.59,25.02,26.12,34.4,35.64,32.93,34.67,26.01,29.25,23.59,26.2
02/09/2020,26.01,27.07,25.53,26.57,34.67,37.25,34.08,36.8,26.19,28.29,23.43,26.64
03/09/2020,26.28,35.94,25.66,33.6,36.79,44.34,36.63,42.09,26.64,40.15,23.92,31.47
04/09/2020,34.62,38.28,29.5,30.75,41.71,47.63,39.79,41.74,31.49,45.91,24.3,29.43
08/09/2020,30.61,35.93,30.52,31.46,41.74,46.47,39.57,41.02,29.43,33.36,29.43,30.15
09/09/2020,31.68,31.78,28.12,28.81,41.13,41.13,36.58,38.25,30.14,30.14,25.91,27.7
10/09/2020,28.67,30.56,27.59,29.71,36.74,38.73,36.33,37.92,27.71,28.8,24.06,27.62
11/09/2020,28.63,29.73,26.51,26.87,38.11,38.49,34.86,35.27,27.62,33.61,24.43,26
14/09/2020,25.86,26.79,25.38,25.85,35.32,35.32,33.18,33.56,26,33.67,22.39,24.2
15/09/2020,25.92,26,24.92,25.59,32.92,34.76,32.55,33.79,24.22,27.63,18.99,23.6
16/09/2020,25.31,26.59,24.84,26.04,33.79,35.85,33.79,35.48,23.6,36.7,20.41,22.57
17/09/2020,28.22,28.92,26.26,26.46,35.53,38.11,35.51,36.27,22.57,27.61,22.57,23.42
18/09/2020,26.65,28.1,25.28,25.83,36.29,38.15,35,36.04,23.42,24.41,17.26,23.53
21/09/2020,28.04,31.18,27.39,27.78,36.03,40.01,36.03,36.43,23.53,28.11,23.53,26.46
22/09/2020,28.61,28.78,26.48,26.86,36.44,37.27,35.06,35.24,26.46,27.07,25.54,25.75
23/09/2020,27.02,29.73,25.19,28.58,35.29,37.82,34.22,37.25,25.75,30.21,21.41,27.39
24/09/2020,29.54,30.49,27.94,28.51,37.25,38.45,36.7,36.99,27.39,32.53,26.57,27.4
25/09/2020,28.17,30.43,26.02,26.38,36.99,37.85,34.56,34.93,27.36,28.02,26.2,26.39
28/09/2020,27.15,27.19,24.9,26.19,34.92,35.84,34.49,34.66,26.39,34.46,26.17,26.25
29/09/2020,26.81,27.43,25.98,26.27,34.58,36.49,34.58,35.25,26.25,27.35,25.37,26.69
30/09/2020,26.69,27.12,25.06,26.37,35.25,35.44,34.07,35.42,26.69,34.38,21.53,26.7
01/10/2020,25.78,27.11,25.33,26.7,35.4,36.36,34.23,34.99,26.7,34.12,24.29,27.18
02/10/2020,28.87,29.9,26.93,27.63,36.89,37.18,35.68,36.44,27.18,30.39,26.37,27.59
05/10/2020,29.52,29.69,27.27,27.96,36.44,37.06,35.36,35.67,27.59,30.69,26.68,27.46
06/10/2020,28.05,30,26.01,29.48,35.67,37.12,34.83,36.67,27.46,43.99,24.64,28.01
07/10/2020,29.26,29.76,27.94,28.06,35.99,36.14,35.17,35.61,28.01,31.57,22.73,26.71
08/10/2020,27.65,27.99,24.88,26.36,35.61,35.61,34.31,34.43,26.71,26.71,21.99,25.86
09/10/2020,26.2,26.22,24.03,25,34.42,34.42,32.34,32.6,25.85,26.16,24.25,24.26
12/10/2020,25.65,25.65,24.14,25.07,32.58,34.74,32.1,33.44,24.27,24.5,7.84,24.06
13/10/2020,25.67,26.93,25.16,26.07,33.3,35.19,33.3,34.48,24.1,27.38,23.98,25.05
14/10/2020,25.72,27.23,25.53,26.4,34.49,35.33,33.67,34.04,25.05,30.59,24.21,25.21
15/10/2020,27.1,29.06,26.82,26.97,35.19,35.7,34.34,34.54,25.21,26.49,25.21,25.46
19/10/2020,27.36,29.69,27.04,29.18,35.02,36.52,35.02,36.14,25.65,38.41,25.65,27.4
20/10/2020,28.81,29.6,28.29,29.35,36.16,36.47,34.61,35.25,27.4,30.94,25.32,27.71
21/10/2020,29.12,30.55,28.37,28.65,35.24,35.8,34.45,35.08,27.7,34.41,26.33,27.18
22/10/2020,30.1,30.12,27.68,28.11,35.06,36.14,33.95,34.28,27.13,38.41,25.83,26.33
23/10/2020,28.47,28.67,27.26,27.55,34.29,34.64,33.4,33.45,26.35,28.58,25.32,25.56
26/10/2020,29.38,33.68,29.22,32.46,33.46,38.8,33.46,37.41,25.56,47.53,25.56,30.18
27/10/2020,32.04,33.77,31.85,33.35,37.43,37.64,36.04,36.56,30.18,31.31,27.71,30.3
28/10/2020,34.69,40.77,34.68,40.28,36.54,43.45,36.54,43.39,30.3,46.19,30.3,35.48
29/10/2020,38.8,41.16,35.63,37.59,43.42,43.42,39.12,40.08,35.49,36.6,29.06,34.93
30/10/2020,40.81,41.09,36.5,38.02,40.69,43.01,39.94,41.3,34.94,45.53,30.51,35.18
02/11/2020,38.57,38.78,36.13,37.13,41.3,42.92,39.95,40.9,35.18,37.31,27.82,34.06
03/11/2020,36.44,36.44,34.19,35.55,40.87,40.88,37.62,38.38,34.06,34.06,27.58,32.56
04/11/2020,36.79,36.85,28.03,29.57,38.36,38.36,31.71,33.36,32.55,32.55,21.6,27.43
05/11/2020,27.56,28.14,26.04,27.58,33.36,34.15,31.81,32.82,27.43,31.64,23.6,25.97
06/11/2020,27.87,29.44,24.56,24.86,32.74,33.57,30.01,30.01,25.97,31.74,21.16,25.07
09/11/2020,24.8,25.82,22.41,25.75,30.06,31.33,28.75,31.32,25.08,27.17,18.88,24.99
10/11/2020,25.36,26.77,24.35,24.8,31.64,33.58,31.08,32.53,25.08,25.59,20.92,25.29
11/11/2020,25.01,25.12,22.57,23.45,32.53,32.53,30.1,30.29,25.29,25.29,22.67,24.11
12/11/2020,24.39,27.27,23.53,25.35,30.27,32.62,30.15,30.91,24.11,30.43,24.01,25.52
13/11/2020,24.94,25.03,22.74,23.1,30.87,30.87,29.03,29.03,25.52,25.52,23.35,23.96
16/11/2020,23.66,24.08,22.43,22.45,29.98,30.04,27.29,27.37,23.96,24.08,23.06,23.26
17/11/2020,22.84,24.09,22.34,22.71,27.87,29.02,27.08,27.31,23.26,24.18,18.37,22.86
18/11/2020,22.86,23.92,21.66,23.84,27.23,27.53,26.05,27.47,22.86,23.66,21.91,23.47
19/11/2020,23.62,24.52,22.56,23.11,27.45,28.05,26.62,26.81,23.47,23.99,21.5,22.21
20/11/2020,23.43,23.73,22.13,23.7,26.8,27.3,25.97,26.91,22.21,24.18,22,22.69
23/11/2020,23.66,23.96,22.45,22.66,27.17,28.34,26.33,26.64,22.69,23.21,15.35,22.3
24/11/2020,22.04,22.48,20.8,21.64,26.58,27.2,25.87,25.99,22.3,22.48,19.86,22.22
25/11/2020,21.65,22.5,21.13,21.25,25.99,26.47,25.5,25.69,22.22,26.8,19.65,22.35
27/11/2020,21.52,21.6,19.51,20.84,25.72,26.93,25.72,26.12,22.35,22.57,22,22.27
30/11/2020,22.64,22.89,20.48,20.57,27.21,28.75,26.61,26.68,22.27,24.04,19.86,22.88
01/12/2020,20.21,20.92,20,20.77,26.67,27.6,26.5,27.41,22.88,22.96,21.92,22.95
02/12/2020,21,21.25,20.04,21.17,27.41,28,27.25,27.55,22.95,23.33,17.98,23.04
03/12/2020,21.24,21.88,20.72,21.28,27.53,27.81,26.96,27.39,23.04,23.8,21.88,22.21
04/12/2020,21.05,21.15,19.97,20.79,27.4,27.44,26.72,27.02,22.21,24.41,21.18,21.21
07/12/2020,22.04,22.62,21.17,21.3,27.01,28.1,26.94,27.2,21.21,24.29,21.21,21.94
08/12/2020,21.65,22.25,20.52,20.68,27.31,27.6,26.07,26.08,21.94,22.23,21.37,21.55
09/12/2020,20.66,22.93,20.1,22.27,26.08,29.78,25.46,29.32,21.55,22.51,19.71,21.96
10/12/2020,22.12,23.46,21.53,22.52,29.33,30.26,28.24,29.15,21.96,23.17,21.72,21.78
11/12/2020,22.49,25.14,22.48,23.31,29.16,31.32,28.91,29,21.78,22.88,18.12,22.58
14/12/2020,22.67,24.82,21.95,24.72,28.6,29.47,27.83,29.44,22.58,23.2,21.55,23.07
15/12/2020,24,24.07,22.73,22.89,29.47,29.47,27.64,28.1,23.07,25.69,17.61,21.68
16/12/2020,22.51,23.67,22.29,22.5,28.1,28.65,27.32,27.85,21.68,23.26,20.9,21.88
17/12/2020,21.98,22.27,21.52,21.93,27.87,27.87,26.92,27.04,21.88,22.99,20.4,20.41
18/12/2020,22.15,23.77,21.57,21.57,27.17,28.68,26.88,26.91,20.41,21.71,19.9,20.05
21/12/2020,24.25,31.46,24.23,25.16,30.17,32.29,27.92,28.35,20.05,26.03,20.05,22.75
22/12/2020,25.24,25.56,23.53,24.23,28.35,30,27.83,27.94,22.75,24.36,22.54,22.8
23/12/2020,23.49,23.68,22.13,23.31,27.63,27.88,26.38,27.33,22.8,26.02,20.3,21.29
24/12/2020,22.47,22.83,21.39,21.53,27.33,27.33,25.94,25.94,21.29,21.29,20.38,20.49
28/12/2020,22.11,22.12,21.15,21.7,26.77,26.84,25.64,25.91,20.49,22.63,19.51,20.12
29/12/2020,21.61,23.72,20.99,23.08,25.75,27.59,25.48,26.82,20.12,21.46,17.34,20.93
30/12/2020,22.58,23.15,22.41,22.77,26.83,27.07,26.26,26.29,20.93,24.41,18.3,20.71
31/12/2020,22.99,23.25,21.24,22.75,26.28,27.2,26.03,26.93,20.71,20.96,17.72,20.53
04/01/2021,23.04,29.19,22.56,26.97,27.64,32.65,27.62,30.13,20.53,26.12,20.53,24.01
05/01/2021,26.94,28.6,24.8,25.34,30.12,30.85,28.35,28.42,24.01,24.58,20.9,23.73
06/01/2021,25.48,26.77,22.14,25.07,28.48,30.21,25.95,29.27,23.73,39.46,19.88,23.79
07/01/2021,23.67,23.91,22.25,22.37,29.25,29.25,26.34,26.99,23.79,23.79,20.36,21.64
08/01/2021,22.43,23.34,21.42,21.56,27.03,28.54,26.49,27.93,21.64,22.09,20.98,21
11/01/2021,23.31,24.81,23.23,24.08,29.6,29.93,28.02,28.92,21,31.26,20.46,22.86
12/01/2021,23.49,25.15,22.83,23.33,28.19,29.81,27.79,28.33,22.86,32.17,18.19,22.07
13/01/2021,23.07,24.18,21.92,22.21,28.27,28.54,26.83,27.36,22.07,34.2,18.18,21.61
14/01/2021,22.22,23.47,21.66,23.25,27.32,28.55,26.65,28.55,21.61,29.87,17.78,21.65
15/01/2021,23.52,25.8,23.08,24.34,28.63,31.11,28.07,29.17,21.65,23.26,18.67,22.14
19/01/2021,23.03,23.56,22.53,23.24,28.15,29.22,27.59,27.71,22.14,22.62,21.88,22.38
20/01/2021,22.82,22.86,21.37,21.58,26.26,27.4,26.23,26.79,22.38,25.54,20.58,21
21/01/2021,21.34,22.22,21.09,21.32,26.27,27.96,26.23,27.01,21,21.86,19.83,20.31
22/01/2021,22.24,23.73,21.27,21.91,27.76,28.42,27.3,28.07,20.31,26.19,20.05,20.46
25/01/2021,22.31,26.63,22.2,23.19,28.17,31.45,28.05,28.73,20.46,29.64,20.05,22.1
26/01/2021,23.91,23.94,22.55,23.02,28.56,29.79,28.51,29.2,22.1,22.54,21.68,22.49
27/01/2021,23.82,37.21,23.71,37.21,32.22,39.61,31,39.61,22.49,45.68,22.49,27.58
28/01/2021,33.25,36.29,27.39,30.21,39.61,39.61,32.09,35.05,27.58,27.58,17.69,24.91
29/01/2021,35.16,37.51,29.24,33.09,35.02,40.53,34.07,37.44,24.91,40.8,22.79,28.68
01/02/2021,31.45,33.96,29.03,30.24,33.98,37.02,32.81,34.24,28.68,34.48,24.11,26.82
02/02/2021,28.01,28.08,25.31,25.56,32,32,29.16,29.49,26.82,30.66,22.33,23.34
03/02/2021,24.59,25.43,22.91,22.91,28.03,29.93,28.03,29.03,23.34,25.06,20.78,21.3
04/02/2021,23.44,23.44,21.68,21.77,29.05,29.05,26.82,27.09,21.3,28.77,19.9,19.97
05/02/2021,21.99,22.16,20.86,20.87,27.09,27.58,25.34,25.46,19.97,24.71,19.67,20.16
08/02/2021,21.89,22.07,21.23,21.24,26.23,26.66,25.98,26.18,20.16,23.53,19.87,19.87
09/02/2021,21.57,22.26,20.65,21.63,26.16,27.07,25.96,26.6,19.87,20.19,19.01,19.69
10/02/2021,21.64,23.85,19.69,21.99,26.6,28.89,26.3,27.41,19.69,22.59,18.88,20.38
11/02/2021,22.09,23.25,21.11,21.25,27.41,28.75,26.58,27.07,20.38,21.25,18.52,20.24
12/02/2021,21.6,22.45,19.95,19.97,27.11,27.75,25.61,26.36,20.24,27.21,19.34,19.36
16/02/2021,21.13,22.46,20.88,21.46,26.97,30.08,26.6,28.52,19.36,21.45,19.36,19.69
17/02/2021,22.02,23.44,21.09,21.5,28.52,30.8,27.74,28.26,19.69,25.24,19.58,19.67
18/02/2021,21.98,24.23,21.8,22.49,28.25,30.63,27.04,27.59,19.67,22.74,17.06,20.01
19/02/2021,23.1,23.19,20.84,22.05,27.73,28.58,25.8,27.74,20.01,34.48,17.66,20.29
22/02/2021,24.46,25.09,21.96,23.45,27.67,31.02,27.67,31.02,20.29,21.73,20.17,20.75
23/02/2021,22.82,27.01,22.5,23.11,30.95,35.93,29.48,30.62,20.75,30.8,18.38,20.63
24/02/2021,23.76,25.04,21.31,21.34,32.28,33.14,28.67,28.67,20.63,26.89,19.11,19.96
25/02/2021,21.73,31.16,21.52,28.89,28.67,37.17,28.67,36.16,19.96,28.19,19.96,23.47
26/02/2021,28.73,30.82,25.23,27.95,35.93,37.06,31.58,34.06,23.47,32.2,22.98,24.1
01/03/2021,25.2,25.39,23.17,23.35,33.84,33.84,28.66,28.67,24.1,26.98,20.82,21.2
02/03/2021,23.58,24.6,22.8,24.1,28.66,30.57,28.54,30.11,21.2,23.96,20.38,21.08
03/03/2021,22.8,26.79,22.45,26.67,30.11,34.8,30.11,33.92,21.08,31.8,19.43,22.29
04/03/2021,26.52,31.9,24.93,28.57,33.92,37.86,32.2,34.83,22.29,38.03,21.61,24.15
05/03/2021,29.48,30.03,24.33,24.66,34.83,37.34,31.39,31.89,24.15,39.58,18.11,21.98
08/03/2021,27.61,28.39,24.07,25.47,31.86,34.8,31.86,33.87,21.98,27.48,20.47,24.4
09/03/2021,25.11,25.25,22.9,24.03,33.87,33.87,30.95,32.15,24.4,28.98,21.81,22.19
10/03/2021,23.76,23.87,22.38,22.56,32.17,32.39,30.57,31.52,22.19,29.97,20.95,22.02
11/03/2021,22.5,22.5,21.45,21.91,31.51,31.51,29.72,30.04,22.02,27.06,20.37,20.69
12/03/2021,22.57,22.99,20.63,20.69,30.06,32.25,30.03,30.1,20.69,23.71,19.52,19.52
15/03/2021,21.84,21.86,19.87,20.03,30.72,30.99,28.52,28.72,19.52,27.36,17.8,19.12
16/03/2021,20.14,20.31,19.33,19.79,27.11,29.87,27.11,29.27,19.12,32.31,12.94,18.8
17/03/2021,20.1,20.95,19.18,19.23,30.53,31.29,27.98,27.98,18.8,23.77,16.45,18.58
18/03/2021,18.95,22.6,18.95,21.58,27.98,32.2,27.98,30.61,18.58,27.22,18.58,19.83
19/03/2021,21.43,23.17,19.9,20.95,30.64,32.64,29.06,29.65,19.83,34.34,17.29,19.1
22/03/2021,21.91,22.29,18.87,18.88,29.8,29.8,26.7,26.7,19.1,26.47,18.04,18.37
23/03/2021,19.46,21.58,18.8,20.3,26.7,28.34,26.33,27.83,18.37,26.42,17.64,18.9
24/03/2021,20.64,21.49,19.3,21.2,27.86,29.3,26.98,28.97,18.9,22.62,17.25,19.4
25/03/2021,20.8,23.55,19.81,19.81,29.77,30.58,27.61,27.63,19.4,28.17,18.39,18.56
26/03/2021,19.32,21.49,18.68,18.86,27.66,28.7,25.27,25.64,18.56,24.97,17.58,17.66
29/03/2021,20.4,21.6,19.42,20.74,26.96,28.29,26.57,26.94,17.66,29.84,17.66,21.89
30/03/2021,20.76,21.75,19.47,19.61,26.94,28.8,26.34,26.39,21.89,26.55,17.77,17.99
31/03/2021,19.8,20.11,18.85,19.4,26.39,26.49,24.7,24.89,17.99,29.73,17.63,17.82
01/04/2021,18.6,18.64,17.29,17.33,24.85,24.85,23.16,23.21,17.82,19.29,15.48,17.17
05/04/2021,18.16,18.4,17.35,17.91,23.2,24.69,23.2,23.93,17.17,19.89,16.96,17.15
06/04/2021,18.07,18.3,17.37,18.12,23.93,24.4,23.51,23.86,17.15,19.11,16.7,16.77
07/04/2021,17.99,18.17,16.87,17.16,23.87,24.06,23.39,23.43,16.77,18.01,16.5,16.54
08/04/2021,16.92,17.36,16.55,16.95,23.44,24.24,23.06,23.49,16.54,20.07,16.34,16.35
09/04/2021,17.05,17.34,16.2,16.69,23.49,24.13,23.02,23.23,16.35,20.51,16.05,16.21
12/04/2021,17.43,17.91,16.81,16.91,23.25,23.73,22.29,22.49,16.21,20.65,14.34,15.74
13/04/2021,16.99,17.86,16.43,16.65,22.49,22.69,21.98,22.11,15.74,27.15,15.08,16.08
14/04/2021,16.71,17.69,15.38,16.99,22.46,23.31,22.21,22.64,16.08,19.58,15.18,15.9
15/04/2021,16.78,16.92,15.94,16.57,22.68,22.78,21.29,21.68,15.9,26.69,15.42,15.43
16/04/2021,16.65,16.88,16.05,16.25,21.68,22.05,20.21,20.51,15.43,19.03,9.96,14.41
19/04/2021,17.04,18.61,16.78,17.29,20.51,23.93,20.51,22.82,14.44,20.1,11.76,15.32
20/04/2021,17.36,19.7,17.24,18.68,22.82,25.4,22.82,24.37,15.32,26,15.32,16.7
21/04/2021,18.48,19.29,16.91,17.5,24.36,25.34,22.55,22.82,16.7,21.02,15.83,16.13
22/04/2021,17.28,19.9,16.99,18.71,22.81,24.85,22.07,24,16.13,21.79,16,17.38
23/04/2021,18.56,18.78,16.8,17.33,23.97,23.97,21.99,22.32,17.38,21.92,16.14,16.36
26/04/2021,17.94,18.17,16.87,17.64,22.34,23.59,22.31,22.57,16.36,20.42,16.36,16.6
27/04/2021,17.62,18.16,16.97,17.56,22.57,23.3,21.83,22.71,16.6,22.44,16.44,16.73
28/04/2021,17.47,17.84,16.67,17.28,22.71,23.3,22.09,22.36,16.73,20.77,16.26,16.59
29/04/2021,16.88,18.87,16.77,17.61,22.37,23.84,22.15,22.42,16.59,24.81,16.09,16.26
30/04/2021,17.67,19.25,17.64,18.61,22.44,23.67,22.44,22.9,16.26,24.59,15.87,16.21
03/05/2021,18.65,19.12,17.8,18.31,22.89,23.78,22.65,23.34,16.21,19.18,14.6,16.09
04/05/2021,18.16,21.85,18.11,19.48,23.34,27.47,23.34,25.7,16.09,21.53,16.09,16.9
05/05/2021,18.84,19.58,17.89,19.15,25.7,26.16,24.01,25.66,16.9,22.2,15.54,16.12
06/05/2021,18.41,20.6,18.21,18.39,25.63,27.2,24.66,24.83,16.12,18.03,15.24,18.03
07/05/2021,18.45,18.57,16.68,16.69,24.82,24.91,22.71,22.79,18.03,18.03,14.82,15.19
10/05/2021,17.34,19.75,17.07,19.66,22.73,26.62,22.73,26.59,15.19,26.17,15.19,17.19
11/05/2021,21.17,23.73,20.71,21.84,26.61,30.26,26.61,27.86,17.19,24.69,13.91,19.3
12/05/2021,22.42,28.38,21.66,27.59,27.86,32.72,27.86,31.87,19.3,25.68,13.15,25.36
13/05/2021,26.03,28.93,22.23,23.13,31.91,31.91,28.02,29.02,25.36,25.36,19.47,19.97
14/05/2021,21.77,22.1,18.66,18.81,29.02,29.02,24.74,24.99,19.97,19.97,16.73,17.31
17/05/2021,19.89,21.58,19.67,19.72,26.53,27.21,25.48,25.59,17.31,19.58,17.31,17.61
18/05/2021,18.89,21.45,18.81,21.34,25.71,26.42,24.73,26.14,17.61,22.77,17.07,18.24
19/05/2021,22.46,25.96,21.88,22.18,28.63,29.53,25.99,26.66,18.24,22.43,18.24,19.42
20/05/2021,22.33,23.5,20.19,20.67,25.81,25.85,24.08,24.24,19.42,19.94,18.05,18.28
21/05/2021,20.42,20.89,19.53,20.15,24.33,24.54,23.45,24.3,18.28,21.57,17.39,17.56
24/05/2021,20.5,20.51,18.38,18.4,24.37,24.49,22.4,22.76,17.56,19.94,16.88,16.88
25/05/2021,18.35,19.29,16.87,18.84,22.36,23.96,22.33,23.4,16.88,21.98,16.32,16.61
26/05/2021,18.37,18.92,17.35,17.36,23.31,23.56,22.31,22.35,16.61,16.67,15.69,15.81
27/05/2021,18.03,18.17,16.52,16.74,22.37,22.62,21.37,22.12,15.81,16.28,13.96,15.46
28/05/2021,16.8,16.86,15.9,16.76,22.08,22.08,20.86,21.44,15.46,16.14,14.67,14.82
01/06/2021,17.24,18.53,15.68,17.9,22.37,23.38,22.34,22.68,14.82,18.37,14.04,17.95
02/06/2021,17.86,18.31,16.74,17.48,22.68,22.68,21.68,22.01,17.95,20.88,15.11,15.3
03/06/2021,17.73,19.27,17.45,18.04,22.8,23.68,22.14,23.25,15.3,17.91,14.45,15.88
04/06/2021,18.09,18.42,16.18,16.42,23.34,23.34,21.17,21.22,15.88,15.88,14.8,14.84
07/06/2021,17.34,17.35,15.78,16.42,22.29,22.48,21.37,21.37,14.84,17.16,14.84,15.22
08/06/2021,16.58,17.75,15.15,17.07,21.37,22.51,21.06,21.58,15.22,16.59,14.93,15.23
09/06/2021,17.18,17.96,15.55,17.89,21.33,22.23,21.29,22.01,15.23,17.87,15.17,15.6
10/06/2021,18.18,18.29,16.01,16.1,21.19,21.33,19.91,19.98,15.6,17.61,14.39,14.78
11/06/2021,16.18,16.2,15.15,15.65,19.98,20.04,19.08,19.16,14.78,14.78,12.65,14.14
14/06/2021,16.04,17.04,15.04,16.39,19.56,20.34,19.53,20.06,14.14,14.7,13.99,14.43
15/06/2021,16.27,17.35,16.14,17.02,20.31,21.21,20.26,20.93,14.43,19.3,14.43,14.59
16/06/2021,16.99,19.11,16.42,18.15,20.79,22.71,20.44,21.46,14.59,18.38,12.46,15.17
17/06/2021,18.49,19.22,16.71,17.75,21.58,22.03,19.86,20.35,15.17,20.83,13.62,15.74
18/06/2021,16.96,21.04,16.92,20.7,22.04,23.04,21.4,22.43,15.74,26.33,15.74,19.09
21/06/2021,21.74,21.82,17.81,17.89,22.94,23.73,20.77,20.78,19.09,19.71,17.11,17.13
22/06/2021,17.91,18.32,15.76,16.66,20.76,21.09,19.85,20,17.13,20.82,16.33,16.34
23/06/2021,16.25,16.84,14.86,16.32,19.99,20.24,19.51,19.82,16.34,18.24,13.94,16.26
24/06/2021,15.99,16.05,14.19,15.97,19.82,19.82,19.03,19.6,16.26,16.26,14.84,15.33
25/06/2021,16.04,16.17,15.21,15.62,19.6,19.72,19,19.31,15.32,21.33,14.32,14.49
28/06/2021,16.07,16.46,15.39,15.76,19.62,20.15,19.49,19.58,14.49,15.57,14.33,15.11
29/06/2021,15.69,16.31,14.1,16.02,19.58,20.17,19.34,20.09,15.11,15.67,14.65,15.32
30/06/2021,16.18,17.31,15.58,15.83,20.09,20.81,20.04,20.14,15.34,18.71,14.48,14.76
01/07/2021,15.62,16.01,15.31,15.48,20.12,20.18,19.73,20.07,14.76,16.05,11.59,14.06
02/07/2021,15.53,15.54,14.25,15.07,19.59,19.59,18.73,19.28,14.06,15.93,10.98,13.66
06/07/2021,15.77,17.94,15.73,16.44,20.38,21.87,20.28,21,13.66,19.34,13.66,17.89
07/07/2021,16.43,17.64,16.08,16.2,21,22.94,20.53,21.11,17.89,18.04,13.28,14.27
08/07/2021,17.74,21.29,17.74,19,21.1,24,21.1,23.6,14.27,19.57,14.27,17.34
09/07/2021,17.88,18.13,16.08,16.18,22.43,22.43,21.13,21.23,17.34,17.34,12.45,12.45
12/07/2021,16.85,17.52,16.14,16.17,20.56,20.68,19.17,19.68,12.45,17.28,10.73,14.86
13/07/2021,16.39,17.23,15.94,17.12,20.19,21.11,19.38,20.87,14.86,17.81,2.67,2.71
14/07/2021,17.34,17.51,15.95,16.33,20.34,20.75,19.52,19.99,2.71,16.9,2.71,15.51
15/07/2021,16.7,18.09,16.56,17.01,19.99,21.33,19.81,20.11,15.51,17.12,14.13,15.47
16/07/2021,16.8,18.7,16.03,18.45,19.5,21.14,19.48,21.06,15.47,16.56,13.45,15.3
19/07/2021,19.61,25.09,19.27,22.5,23.95,25.1,22.97,23.44,15.3,29.15,15.3,21.27
20/07/2021,20.89,22.97,19.37,19.73,23.4,23.94,21.37,21.68,21.27,26.53,15.37,18.97
21/07/2021,19.73,19.82,17.81,17.91,21.35,21.42,20.2,20.4,18.97,21.92,17.54,17.91
22/07/2021,17.59,18.45,17.4,17.69,20.4,20.73,19.75,19.78,17.91,18.2,17.07,17.48
23/07/2021,16.98,17.48,16.33,17.2,19.88,19.91,18.77,19.06,17.48,20.94,16.59,19.73
26/07/2021,18.67,19.39,17.53,17.58,20.62,20.89,19.92,20.37,12.99,19.73,12.99,17.55
27/07/2021,18.62,20.44,18.25,19.36,21.05,23.85,20.74,22.84,17.55,19.9,16.96,18.88
28/07/2021,19.41,19.62,17.52,18.31,21.94,22.65,20.45,20.96,18.88,21.83,17.44,17.89
29/07/2021,17.91,18.01,17.19,17.7,20.54,20.66,20.03,20.55,17.89,25.66,17.02,17.11
30/07/2021,19.69,19.72,17.53,18.24,20.55,21.54,20.55,20.81,17.11,24.94,16.68,17.88
02/08/2021,18.16,19.87,17.99,19.46,21.08,21.87,20.81,21.49,17.88,19.97,17.73,18.54
03/08/2021,19.17,20.44,17.7,18.04,21.49,22.37,20.39,20.52,18.54,21.1,16.84,17.52
04/08/2021,18.23,18.9,17.67,17.97,20.52,21.31,20.36,20.68,17.52,21.07,17.52,17.96
05/08/2021,17.73,17.84,17.23,17.28,20.68,20.81,20,20.19,17.95,19.43,16.93,16.93
06/08/2021,17.46,17.5,16.14,16.15,20.18,20.2,19.41,19.61,16.93,16.93,16,16.39
09/08/2021,17.12,17.39,16.59,16.72,20.32,20.74,19.27,19.69,16.39,21.07,16.39,17.32
10/08/2021,16.82,17.05,16.34,16.79,19.55,20.78,19.26,20.38,17.32,17.35,16.7,17.17
11/08/2021,16.81,17.09,15.87,16.06,20.38,20.47,19.19,20.45,17.17,17.17,16.1,16.33
12/08/2021,16.33,16.42,15.49,15.59,20.45,20.9,19.34,19.4,16.33,16.9,15.79,15.79
13/08/2021,15.68,15.72,15.19,15.45,19.39,19.49,18.41,18.52,15.79,16.01,15.55,15.77
16/08/2021,17.05,17.71,16.02,16.12,19.49,20.55,18.91,19.05,15.77,20.72,15.77,16.51
17/08/2021,17.31,19.56,16.71,17.91,20.76,22.59,20.06,21.17,16.51,19.7,16.51,17.91
18/08/2021,17.56,21.64,17.31,21.57,21.17,24.4,20.95,24.35,17.91,31.05,16.02,20.41
19/08/2021,23.12,24.74,20.37,21.67,25.33,25.36,22.93,23.52,20.41,22.1,17.3,19.55
20/08/2021,22.74,23.9,18.18,18.56,23.52,23.59,20.54,20.97,19.55,21.12,18.44,18.6
23/08/2021,18.83,18.95,16.95,17.15,21.35,21.35,19.68,19.8,18.62,18.62,16.36,16.57
24/08/2021,16.96,17.51,16.94,17.22,19.8,20.27,19.54,19.86,16.57,16.63,15.96,16.12
25/08/2021,17.42,17.5,16.46,16.79,19.87,20.13,19.42,19.6,16.12,21.13,15.44,15.48
26/08/2021,17.46,19.27,17.16,18.84,19.69,21.54,19.69,21.37,15.48,19.14,15.48,17.21
27/08/2021,17.95,18.22,16.11,16.39,21.36,21.36,18.49,18.54,17.21,17.21,12.79,15.07
30/08/2021,16.77,16.8,15.98,16.19,19.09,19.33,18.69,19.08,15.08,15.82,14.68,14.98
31/08/2021,15.98,17.07,15.91,16.48,19.08,19.97,19.03,19.48,14.98,15.7,12.07,14.88
01/09/2021,16.06,16.71,15.68,16.11,19.48,20.1,19.1,19.84,14.88,16.74,14.43,14.97
02/09/2021,16.27,16.98,15.73,16.41,19.82,20.53,19.59,20.03,14.96,22.09,14.38,14.78
03/09/2021,16.27,17.06,16.08,16.41,19.9,20.47,19.47,19.75,14.78,19.87,14.2,14.56
07/09/2021,16.94,18.39,16.89,18.14,19.8,21.31,19.8,20.96,14.56,16.69,14.56,15.49
08/09/2021,18.97,19.64,17.78,17.96,20.96,22.11,20.63,20.81,15.49,17.87,15.49,16.73
09/09/2021,19.44,19.54,17.17,18.8,20.68,21.54,20.1,21.45,16.73,17.4,15.39,17.21
10/09/2021,17.94,21.13,16.99,20.95,21.45,23.28,19.76,22.75,17.21,18.27,15.94,17.98
13/09/2021,19.64,21.18,18.76,19.37,21.4,23.17,21.03,21.6,18.04,18.79,17.06,17.52
14/09/2021,19.58,20.47,18.39,19.46,21.6,22.66,20.38,21.68,17.52,20.4,17.13,18.72
15/09/2021,19.3,20.27,18.01,18.18,21.68,22.53,19.88,20.12,18.72,19.3,16.5,17.36
16/09/2021,18.41,19.76,17.65,18.69,20.12,21.86,19.66,20.17,17.35,19.33,17.23,17.59
17/09/2021,18.37,21.51,18.35,20.81,20.2,22.69,20.2,22.27,17.59,22.18,13.8,18.81
20/09/2021,24.25,28.79,23.9,25.71,26.53,30.24,24.71,27.23,18.81,26.27,18.81,23.78
21/09/2021,23.41,25.6,21.71,24.36,27.23,27.44,24.53,26.42,23.78,24.02,21.43,23.12
22/09/2021,22.72,23.4,20.75,20.87,26.39,26.39,22.56,22.97,23.11,23.94,19.48,20.06
23/09/2021,19.91,20.21,18.42,18.63,23.02,23.02,21.05,21.22,20.08,20.08,17.74,17.9
24/09/2021,19.33,20.41,17.63,17.75,21.22,22.85,20.17,20.93,17.84,19.69,17.28,17.39
27/09/2021,17.78,19.32,17.74,18.76,22.69,23.56,21.26,21.83,17.28,18.57,16.29,18.4
28/09/2021,19.74,24.82,19.71,23.25,21.83,27.45,21.83,27.35,18.4,22.55,18.4,21.73
29/09/2021,22.07,23.79,21.45,22.56,27.26,27.59,25.35,26.71,24.63,31.16,19.89,21.57
30/09/2021,21.48,24.71,20.6,23.14,26.7,27.91,25.1,26.65,21.57,24.84,20.68,23.14
01/10/2021,24.78,24.89,20.64,21.15,26.56,27.17,24.3,24.84,23.14,30.32,20.39,20.64
04/10/2021,22.9,24.58,21.88,22.96,24.83,28.83,24.83,27.72,20.66,26.49,20.66,22.85
05/10/2021,22.92,23.17,20.62,21.3,27.72,27.72,24.92,25.45,22.85,25.08,19.9,21.85
06/10/2021,22.95,24.4,20.99,21,25.46,28.05,24.7,24.87,21.87,24.82,21.33,21.33
07/10/2021,20.54,20.76,19.07,19.54,24.87,24.87,22.88,23.22,21.34,22.65,19.22,19.83
08/10/2021,19.46,19.94,18.2,18.77,23.22,23.59,22.59,23.16,19.84,19.84,18.79,19.34
11/10/2021,19.93,20.45,18.11,20,23.71,23.83,21.51,23.49,19.35,19.35,16.83,19.16
12/10/2021,20.62,20.81,18.97,19.85,23.49,23.9,22.28,23.41,19.16,21.87,18.13,18.94
13/10/2021,20.14,20.23,18.44,18.64,23.39,23.39,21.08,21.23,18.94,19.97,12.63,17.79
14/10/2021,18.01,18.08,16.8,16.86,21.23,21.23,18.84,19.09,17.79,17.79,15.21,15.53
15/10/2021,16.64,16.85,15.72,16.3,19.08,19.24,18.01,18.51,15.53,19.32,12.95,14.9
18/10/2021,17.29,17.93,16.27,16.31,18.5,20.34,18.5,18.83,14.9,17.04,14.9,16.07
19/10/2021,16.09,16.31,15.57,15.7,18.83,19.02,18.21,18.31,16.07,16.07,15.17,15.23
20/10/2021,15.82,15.89,15.29,15.49,18.31,18.81,18.05,18.73,15.23,15.27,12.68,14.97
21/10/2021,16.06,16.11,14.92,15.01,18.74,19.36,18.3,18.63,14.97,15.58,14.17,14.41
22/10/2021,15.35,16.39,14.84,15.43,18.67,19.7,18.12,19.12,14.35,15.91,13.87,14.94
25/10/2021,16.14,16.33,15.1,15.24,19.67,20.3,18.43,18.8,14.94,16.04,14.94,15.34
26/10/2021,15.02,16.71,14.9,15.98,18.8,20.05,18.46,19.38,15.34,19.89,14.96,16
27/10/2021,15.79,17.29,15.54,16.98,19.36,20.27,19.05,20.12,16,18.6,15.61,16.08
28/10/2021,17.06,17.16,16.23,16.53,20.11,20.14,19.21,19.75,16.08,17.84,14.68,15.42
29/10/2021,17.4,18.06,16.13,16.26,19.75,20.61,19.47,19.64,15.42,16.19,15.27,15.76
01/11/2021,16.85,17.7,16.32,16.41,20.46,20.94,19.61,19.73,15.76,17.15,15.76,16.1
02/11/2021,16.54,16.65,15.89,16.03,19.73,20,19.54,19.73,16.1,16.13,14.47,15.56
03/11/2021,16.11,16.39,14.9,15.1,19.72,20.33,19.04,19.43,15.56,21.22,14.82,14.86
04/11/2021,15.06,16.14,14.73,15.44,19.4,20.55,19,20.26,14.86,15.1,14.62,14.65
05/11/2021,15.59,17.02,14.95,16.48,20.26,21.85,20.26,21.57,14.65,14.65,14.65,14.65
08/11/2021,17.23,17.69,16.44,17.22,21.95,22.32,21.61,21.88,14.65,16.04,14.65,15.76
09/11/2021,17.43,18.57,17.21,17.78,21.88,23.28,21.72,22.69,15.76,16.89,15.44,16.58
10/11/2021,17.74,19.9,17.22,18.73,22.69,24.22,22.03,23.27,16.58,17.65,16.39,17.49
11/11/2021,18.34,18.39,17.27,17.66,23.26,23.26,21.87,22.37,17.49,17.49,16.21,16.28
12/11/2021,17.49,17.69,16.15,16.29,22.38,22.46,21.32,21.42,16.29,16.29,15.5,15.9
15/11/2021,17.03,17.46,16.49,16.49,21.74,22.76,21.57,21.71,15.9,16.23,15.45,15.45
16/11/2021,16.86,17.08,16.03,16.37,21.71,22.11,20.74,21.28,15.45,16.76,14.66,14.95
17/11/2021,16.36,17.19,16.28,17.11,21.28,21.87,20.87,21.56,14.95,15.99,14.95,15.99
18/11/2021,16.81,18.15,16.38,17.59,21.57,22.3,21.09,21.39,16.01,16.4,15.56,16.2
19/11/2021,17.36,19.01,17.23,17.91,21.39,22.1,21.01,21.75,16.21,17.51,16.21,17.45
22/11/2021,18.2,19.59,17.35,19.17,21.98,23.88,21.61,23.5,17.45,19.08,16.34,17.4
23/11/2021,20.24,20.91,19.03,19.38,23.5,26.06,23.5,24.43,17.4,19.38,15.77,17.86
24/11/2021,19.17,20.96,18.52,18.58,24.43,26.23,23.64,23.82,17.86,18.98,14.56,17.5
26/11/2021,26.62,28.99,23.88,28.62,23.82,29.47,23.82,28.45,17.5,31.15,17.5,24.49
29/11/2021,25.31,25.69,21.71,22.96,25.74,26.82,24.37,24.63,24.49,25.91,22.4,22.78
30/11/2021,26.23,28.56,23.71,27.19,24.63,28.97,24.63,27.39,22.78,31.7,22.78,26.22
01/12/2021,24.92,32.61,22.38,31.12,27.41,31.78,24.64,30.95,26.28,28.47,22.29,28.09
02/12/2021,29.44,30.68,27.15,27.95,30.96,31.94,28.86,29.78,28.13,31.67,22.63,27.81
03/12/2021,26.95,35.32,25.89,30.67,29.81,36.64,28.25,33.41,27.8,33.06,24.75,29.85
06/12/2021,28.99,30.82,26.75,27.18,32.49,34.82,30.06,30.17,29.85,33.16,25.77,26.5
07/12/2021,24.58,24.69,21.58,21.89,30.17,30.17,25.46,25.79,26.5,26.5,21.11,22.77
08/12/2021,21.74,23.11,19.85,19.9,25.8,26.44,24.52,24.82,22.76,23.13,20.38,21.46
09/12/2021,20.31,22.12,19.94,21.58,24.81,26.7,24.71,26.42,21.46,21.46,19.92,21
10/12/2021,21.27,21.3,18.69,18.69,26.4,26.4,23.94,23.95,21,21,18.79,18.79
13/12/2021,19.29,21.18,18.96,20.31,23.01,24.37,22.84,24.04,18.79,26.78,18.28,18.71
14/12/2021,19.67,23,19.67,21.89,24.04,27.29,24.04,25.31,18.71,21.93,18.01,20
15/12/2021,21.6,23.47,19.02,19.29,25.31,27.8,23.19,23.42,20,27.71,15.48,20.45
16/12/2021,18.56,22.13,18.19,20.57,23.4,27.43,23.11,25.24,20.44,21.11,17.94,19.87
17/12/2021,20.7,23.26,20.49,21.57,25.24,28.25,25.17,26.55,19.87,28.06,19.87,21.67
20/12/2021,25.89,27.39,22.85,22.87,26.61,31.04,26.61,27.88,21.68,29.04,20.95,22.91
21/12/2021,22.28,22.68,20.9,21.01,27.88,27.96,24.92,24.96,22.91,22.91,19.84,20.5
22/12/2021,21.04,21.36,18.59,18.63,24.96,25.24,22.15,22.15,20.5,20.5,17.95,18.09
23/12/2021,18.81,18.93,17.62,17.96,22.16,22.43,20.92,21.32,18.09,18.09,16.74,17.29
27/12/2021,19.37,19.41,17.55,17.68,22.13,22.84,21.57,21.72,17.29,19.18,17.29,17.62
28/12/2021,17.78,18.47,17.51,17.54,21.72,22.47,21.51,21.54,17.62,18.92,17.23,18.13
29/12/2021,17.63,18,16.71,16.95,21.55,22.6,21.1,21.28,18.13,23.1,17.25,17.53
30/12/2021,17.3,17.79,16.62,17.33,21.27,21.77,20.98,21.38,17.53,21.48,16.7,17.7
31/12/2021,17.63,18.27,16.99,17.22,21.38,21.83,21.03,21.2,17.7,18.07,17.41,17.57
03/01/2022,17.6,18.54,16.56,16.6,21.2,22.37,20.96,21.17,17.57,19.58,17.38,17.41
04/01/2022,16.57,17.81,16.34,16.91,21.18,23.39,21.18,22.32,17.41,18.15,17.26,17.52
05/01/2022,17.07,20.17,16.58,19.73,22.33,26.56,22.33,25.98,17.52,19.97,16.35,19.1
06/01/2022,20.29,21.06,19.08,19.61,25.95,28.37,25.52,25.81,19.09,21.36,18.14,19.87
07/01/2022,19.85,20.8,18.57,18.76,25.83,27.71,25.14,25.65,19.89,20.26,18.65,18.68
10/01/2022,19.58,23.33,19.29,19.4,28.2,30.49,25.49,25.83,18.68,22.03,18.29,18.73
11/01/2022,19.62,21,18.2,18.41,25.83,27.23,23.94,24.28,18.73,21.08,16.78,17.27
12/01/2022,18.17,18.69,17.36,17.62,24.29,24.94,23.13,23.44,17.27,17.61,16.38,16.4
13/01/2022,18.06,20.61,17.45,20.31,23.48,27.42,22.98,27.05,16.4,18.88,15.82,18.37
14/01/2022,20.11,22.07,19.05,19.19,27.05,28.34,25.31,25.72,18.37,19.83,13.41,17.95
18/01/2022,21.18,23.2,21.18,22.79,28.76,30.03,28.17,29.36,17.95,21.35,17.95,21.35
19/01/2022,23.12,23.99,21.85,23.85,29.36,29.73,27.6,29.02,21.35,22.37,20.07,21.87
20/01/2022,23.46,25.89,21.68,25.59,29.05,30.62,26.96,30.61,21.87,24,16.37,23.99
21/01/2022,25.38,29.79,25.31,28.85,30.57,34.68,29.73,34.06,23.99,28.15,19.44,25.49
24/01/2022,28.2,38.94,28.02,29.9,38.14,44.05,35.13,35.55,25.49,37.91,23.56,26.89
25/01/2022,32.29,35.85,29.13,31.16,35.55,41.39,35.54,38.2,26.89,36.99,24.79,28.2
26/01/2022,29.35,33.04,26.9,31.96,38.27,39.01,33.54,38.1,28.2,38.94,19.02,29.22
27/01/2022,32.19,33,28.42,30.49,38.11,38.15,34.64,36.64,29.18,30.03,25.59,27.87
28/01/2022,30.27,32.82,27.28,27.66,36.67,38.14,32.47,33.31,28.24,29.36,21.01,24.51
31/01/2022,28.36,29.41,24.71,24.83,33.29,34.38,29.85,30.16,24.51,26.17,22.96,23.27
01/02/2022,24.57,25.33,21.96,21.96,30.16,31.09,27.7,28,23.21,23.47,20.15,20.57
02/02/2022,21.56,22.73,20.46,22.09,27.98,29.78,27.27,29.58,20.57,21.39,17.44,20.16
03/02/2022,22.63,25.81,22.3,24.35,29.46,33.55,29.46,31.24,20.1,24.78,18.97,22.57
04/02/2022,23.77,26.26,22.07,23.22,31.26,33.05,29.3,30.32,22.58,24.06,19.89,21.62
07/02/2022,24.09,24.82,22.02,22.86,31.31,31.33,29.01,30.02,21.62,22.65,19.62,21.96
08/02/2022,23.09,23.48,21.32,21.44,30.02,31.35,28.22,28.33,21.96,22.61,19.39,20.38
09/02/2022,21.27,21.3,19.93,19.96,28.36,28.36,26.62,26.87,20.37,20.37,17.63,19.44
10/02/2022,20.37,24.77,20.18,23.91,26.87,30.74,26.84,30.07,19.44,22.57,19.04,22.36
11/02/2022,24.39,30.99,23.33,27.36,30.05,36.35,29.53,34.16,22.36,26.76,21.57,25.67
14/02/2022,29.17,32.04,28.33,28.33,34.9,36.64,33.32,34.07,25.67,29.07,24.63,26.88
15/02/2022,28.09,28.09,25.33,25.7,34.07,34.07,30.82,31.16,26.88,26.88,23.15,23.15
16/02/2022,25.19,27.09,23.88,24.29,31.16,32.76,29.15,29.45,23.18,24.95,22.11,22.39
17/02/2022,24.83,28.37,24.76,28.11,29.45,33.5,29.45,33.21,22.39,26.45,22.39,26.1
18/02/2022,26.66,29.71,26.38,27.75,33.15,34.83,32.05,33.05,26.1,27.18,21.55,26.08
22/02/2022,31.8,32.04,28.4,28.81,33.05,35.45,32.85,33.13,26.08,28.34,26.08,26.82
23/02/2022,28.04,31.07,27.2,31.02,33.13,35.49,32.01,35.27,26.82,29.12,25.89,27.73
24/02/2022,37.5,37.79,29.45,30.32,35.27,39.99,33.15,34.02,27.73,45.37,27.25,27.49
25/02/2022,31.68,32,26.93,27.59,34.05,34.37,30.75,31.19,27.56,27.56,24.67,25.07
28/02/2022,32.44,33.51,28.43,30.15,34.3,35.14,31.76,32.72,25.11,28.31,24.58,27.34
01/03/2022,29.45,35.19,29.44,33.32,32.72,36.77,32.72,35.22,27.34,31.01,24.91,30.08
02/03/2022,34.2,34.41,30.12,30.74,35.27,35.71,32.32,33.05,30.07,30.07,22.8,26.91
03/03/2022,30.52,32.01,29.31,30.48,33.02,34.76,32.31,33.34,26.91,29.45,24.84,27.2
04/03/2022,31.9,34.65,31.47,31.98,33.33,37.26,33.33,34.89,27.19,32.58,27.19,27.91
07/03/2022,35.88,36.55,32.59,36.45,34.89,38.8,34.88,38.73,27.91,33.91,27.91,32.07
08/03/2022,36.19,37.52,32.78,35.13,38.7,39.62,35.56,38.02,32.08,38.4,26.47,31.69
09/03/2022,33.74,34.12,31.39,32.45,38.07,38.07,34.6,35.34,31.69,31.69,28.07,28.86
10/03/2022,33.03,34.03,30.23,30.23,35.33,36.73,34.23,34.23,28.85,29.58,23.09,27.34
11/03/2022,30.43,31.04,28.84,30.75,34.22,35.05,33.17,34.85,27.33,27.65,22.67,27.35
14/03/2022,31.03,33.18,30.06,31.77,35.83,37.7,34.67,36.55,27.37,32.48,27.16,28.69
15/03/2022,33.13,33.83,29.57,29.83,36.55,37.03,34.53,34.65,28.69,28.75,26.52,26.69
16/03/2022,29.02,29.8,26.29,26.67,34.68,34.68,30.63,30.81,26.71,26.71,21.3,23.07
17/03/2022,26.51,27.47,25.25,25.67,30.81,31.64,28.95,29.51,23.06,25.72,21.28,21.91
18/03/2022,26.36,26.82,23.85,23.87,29.44,30.21,27.46,27.76,21.91,24.64,18.02,21.07
21/03/2022,25.14,25.36,22.99,23.53,28.97,29.96,28.22,28.66,21.07,22.85,20.09,21.16
22/03/2022,24.02,24.02,22.7,22.94,28.66,28.87,27.42,27.71,21.16,21.16,19.66,19.92
23/03/2022,23.04,24.03,22.64,23.57,27.72,29.26,27.72,28.84,19.94,22.57,19.94,20.86
24/03/2022,23.61,23.79,21.49,21.67,28.83,29.47,27.62,27.89,20.86,20.98,18.52,19.31
25/03/2022,21.87,22.86,20.8,20.81,27.9,29.4,27,27.34,19.31,19.8,15.96,18.83
28/03/2022,22.14,23.33,19.54,19.63,28.26,28.67,26.53,26.53,18.8,21.06,15.5,18.13
29/03/2022,19.7,19.73,18.67,18.9,26.53,26.92,25.52,25.87,18.13,22.21,16.85,17.7
30/03/2022,19.38,20.51,18.72,19.33,25.87,27.33,25.81,26.4,17.72,18.65,16.12,17.96
31/03/2022,19.68,21.48,19.54,20.56,26.38,27.54,26.24,26.99,17.96,21.18,17.5,18.8
01/04/2022,20.62,20.86,19.41,19.63,26.96,27.32,25.74,25.91,18.83,19.28,15.58,18.27
04/04/2022,20.75,20.78,18.45,18.57,26.63,26.75,24.83,24.93,17.81,19.31,16.42,17.38
05/04/2022,18.79,21.57,18.55,21.03,24.93,27.8,24.93,27.4,17.38,19.88,16.59,19.62
06/04/2022,21.27,24.78,21.24,22.1,27.41,30.76,27.41,28.91,19.62,27.18,17.71,20.1
07/04/2022,21.97,23.82,21.12,21.55,28.92,30.33,28.06,28.48,20.08,21.89,15.64,20.04
08/04/2022,21.25,22.34,20.28,21.16,28.49,29.91,27.39,28.06,20.03,22.48,16.18,19.53
11/04/2022,23.09,24.42,22.09,24.37,29.38,30.85,28.84,30.75,19.53,25.72,17.23,21.1
12/04/2022,24.94,25.38,22.27,24.26,30.75,31.07,28.28,30.38,21.1,22.88,15.77,22.77
13/04/2022,23.52,24.45,21.37,21.82,30.37,30.75,26.52,26.85,22.77,30.01,17.93,23.34
14/04/2022,21.72,22.7,20.85,22.7,26.86,28.97,26.26,28.86,23.34,23.34,3.27,20.23
18/04/2022,24.52,24.6,21.98,22.17,30.47,30.91,29.16,29.53,20.23,23.22,15.9,19.41
19/04/2022,22.55,22.92,20.36,21.37,29.53,30.5,27.82,29.1,19.41,20.09,15.63,18.78
20/04/2022,21.13,21.32,19.75,20.32,29.12,29.82,28.03,28.47,18.69,18.69,15.39,17.6
21/04/2022,20.24,23.28,19.81,22.68,28.52,31.92,27.57,31.37,17.61,20.34,16.22,20
22/04/2022,22.71,28.27,22.62,28.21,31.35,35.43,31.35,35.39,20,24.74,17.81,24.63
25/04/2022,30.04,31.6,26.8,27.02,36.68,37.52,33.54,33.83,24.63,27.25,23.56,23.64
26/04/2022,27.38,33.81,27.06,33.52,33.83,40,33.83,38.93,23.64,28.3,22.33,28.17
27/04/2022,31.11,32.77,29.82,31.6,39.17,39.17,35.76,36.91,28.18,30.63,21.19,24.18
28/04/2022,29.91,32,28,29.99,36.91,37.42,34.11,35.49,24.18,29.5,15.46,20.93
29/04/2022,28.97,34.34,28.54,33.4,35.26,39.45,34.1,38.25,20.93,27.05,15.5,24.51
02/05/2022,33.35,36.64,31.74,32.34,39.57,40.81,37.56,37.81,24.51,29.18,22.35,23.64
03/05/2022,31.76,32.82,29.06,29.25,37.81,38.29,35.76,36,23.64,27.49,21.27,23.86
04/05/2022,29.12,29.42,24.94,25.42,35.99,36.83,31.62,31.98,23.86,26.27,14.12,15.57
05/05/2022,25.97,33.2,25.78,31.2,32,39.2,32,37.19,15.55,25,15.55,24.37
06/05/2022,32.23,35.34,29.83,30.19,37.21,41.01,36.41,37.4,24.37,27.35,23.51,24.25
09/05/2022,31.9,35.48,31.9,34.75,40.15,41.91,39.24,41.43,24.26,29.05,24.26,24.78
10/05/2022,33.66,34.84,32.24,32.99,41.43,41.91,38.93,40.08,24.78,27.81,23.43,23.79
11/05/2022,32.87,34.39,30.69,32.56,40.1,41.64,38.02,40.67,23.79,26.98,22.43,24.22
12/05/2022,33.74,34.76,31.7,31.77,40.66,44.02,40.66,41.36,24.22,29.55,22.19,24.62
13/05/2022,31.09,31.2,28.78,28.87,41.32,41.32,37.04,37.61,24.62,27.74,23.46,24.83
16/05/2022,30.01,30.23,27.36,27.47,39.26,39.82,36.69,37.44,24.83,27.89,22.7,24.82
17/05/2022,27.07,27.17,25.51,26.1,37.44,37.44,33.73,33.88,24.82,26.06,20.05,23.3
18/05/2022,26.74,31.49,26.21,30.96,33.88,39.1,33.88,38.81,23.3,28.84,21.95,28.71
19/05/2022,31.24,33.11,29.06,29.35,38.82,39.83,35.98,36.15,28.73,28.73,20.79,23.42
20/05/2022,28.78,32.91,28.06,29.43,36.12,39.77,34.62,36.18,23.03,26.11,19.74,23.62
23/05/2022,28.98,30.39,28.29,28.48,36.98,37.62,34.97,35.18,23.62,24.43,21.69,22.86
24/05/2022,29.43,31.07,29.04,29.45,35.18,38.97,35.18,36.17,22.86,25.94,20.21,24.66
25/05/2022,29.33,30.23,28.16,28.37,36.16,37.31,34.83,35.38,24.66,25.32,21.1,22.11
26/05/2022,28.42,28.46,27.11,27.5,35.43,35.48,33.34,33.63,22.12,22.84,18.2,21.7
27/05/2022,27.5,27.54,25.57,25.72,33.66,33.66,31.77,32,21.69,21.86,18.67,21.1
31/05/2022,27.47,28.35,25.94,26.19,33.89,34.92,32.4,33.01,21.04,25,17.65,19.3
01/06/2022,26.05,27.73,25.38,25.69,33.01,34.28,31.95,32.6,19.3,22.29,18.45,21.31
02/06/2022,25.73,26.5,24.33,24.72,32.59,33.56,30.81,31.44,21.31,21.76,19.4,20.44
03/06/2022,24.91,25.96,24.76,24.79,31.44,32.77,31.44,31.75,20.44,21.01,17.79,20.68
06/06/2022,25.37,25.81,24.82,25.07,31.47,32.87,31.33,32.16,18.74,21.11,16.45,20.57
07/06/2022,25.54,26.24,23.88,24.02,33.05,33.34,30.39,31.03,21.64,21.84,19.52,19.73
08/06/2022,24.37,24.78,23.74,23.96,31.56,31.71,30.3,30.69,20.5,21.1,19.2,19.81
09/06/2022,24.29,26.24,23.82,26.09,31.33,32.87,30.61,32.73,18.76,22.83,18.76,21.72
10/06/2022,26.26,29.63,26.05,27.75,34.46,35.52,33.45,33.97,21.72,24.06,17.71,21.37
13/06/2022,31.37,35.05,31.29,34.02,38.28,41.12,37.54,40.36,25.69,30.31,22.06,26.48
14/06/2022,33.01,34,32.06,32.69,39.94,40.64,38.12,38.51,27.31,37.57,23.14,27.31
15/06/2022,32.39,32.77,27.76,29.62,38.04,38.04,19.81,35.35,25.85,32.05,20.49,24.9
16/06/2022,30.35,34.82,30.35,32.95,37.78,40.53,37.11,38.67,27.1,32.49,20.66,27.85
17/06/2022,32.84,33.31,30.47,31.13,38.49,38.75,32.59,36.66,25.61,31.27,20.76,25.84
21/06/2022,30.63,30.65,29.33,30.19,36.68,36.73,35.26,36.06,25.22,25.86,20.64,25.73
22/06/2022,31.45,31.57,28.78,28.95,37.17,37.17,35.25,35.94,25.18,26.86,22.04,25.02
23/06/2022,29.29,29.77,28.74,29.05,35.79,36.45,34.66,35.3,25.23,26.04,23.94,25.05
24/06/2022,29.07,29.72,26.83,27.23,34.96,35.04,33.04,33.77,24.42,24.5,22.74,22.82
27/06/2022,28.3,28.66,26.93,26.95,34.06,35.2,33.47,33.56,22.06,24.45,20.99,21.09
28/06/2022,26.9,28.68,26.47,28.36,33.57,35.78,32.92,35.43,22.9,25.38,22.33,25.38
29/06/2022,28.8,29.36,27.85,28.16,35.22,36.03,34.57,35.33,23.79,24.68,20.72,23.74
30/06/2022,29.42,30.22,28.28,28.71,36.43,37.46,35.65,36.21,24.37,25.36,17.8,17.81
01/07/2022,29.53,29.59,26.69,26.7,36.07,36.62,34.11,34.27,21.02,24.82,18.66,18.66
05/07/2022,27.37,29.82,27.3,27.54,37.47,37.89,34.51,34.86,25.72,25.91,22.64,23.46
06/07/2022,27.84,28.07,26.43,26.73,35.07,35.61,33.34,33.75,23.6,24.24,21.85,23.08
07/07/2022,26.73,26.79,25.66,26.08,34.05,34.2,32.2,32.81,22.68,23.02,21.38,22.87
08/07/2022,26.41,26.61,24.43,24.64,33.11,33.18,30.68,31.18,22.61,22.68,20.03,20.83
11/07/2022,26.42,26.74,25.79,26.17,33.52,33.65,32.54,32.93,22.73,22.85,18.11,22.21
12/07/2022,27.14,27.75,25.82,27.29,33.31,34.45,32.75,33.97,22.85,23.89,18.05,23.52
13/07/2022,27.35,29.06,26.23,26.82,35.2,35.72,33.1,33.67,21.04,29.91,21.04,23.72
14/07/2022,27.47,28.45,26.2,26.4,34.49,34.91,32.38,32.64,25.06,26.07,15.6,23.59
15/07/2022,26.72,26.72,24.13,24.23,31.74,32.15,30.33,30.39,21.85,25.76,17.6,21.12
18/07/2022,24.83,25.91,24.38,25.3,31.09,32.18,30.47,31.58,20.43,23.12,18.19,22
19/07/2022,25.12,25.41,24.23,24.5,30.72,31.24,30.28,30.66,20.44,22.26,19.67,21.34
20/07/2022,24.23,24.73,23.4,23.88,30.79,31.07,30.08,30.58,21.14,21.66,16.58,21.06
21/07/2022,24.07,24.67,22.92,23.11,30.64,31.32,28.87,29.31,20.96,21.63,18.79,19.38
22/07/2022,23.3,23.81,22.41,23.03,29.29,29.9,28.23,29.19,19.55,21.32,18.98,19.49
25/07/2022,24.33,24.57,23.19,23.36,30.52,30.93,29.33,29.42,19.79,21.6,17.75,19.6
26/07/2022,23.95,25.31,23.82,24.69,30.26,31.87,30.26,30.91,19.08,22.25,19.08,21.08
27/07/2022,24.27,24.41,23.02,23.24,30.47,30.66,26.04,29.59,20.58,20.7,16.77,19.61
28/07/2022,23.33,23.54,22.22,22.33,29.48,30.26,27.83,28.48,19.14,21.67,17.68,18.5
29/07/2022,22.13,22.16,21.21,21.33,28.01,28.14,26.87,27.25,17.87,21.04,16.26,17.84
01/08/2022,22.41,23.27,22.26,22.84,28.55,28.97,27.95,28.75,19.04,19.76,17.15,18.95
02/08/2022,24.08,24.68,22.67,23.93,29.82,30.55,28.5,30,20.15,21.59,18.28,20.19
03/08/2022,23.86,23.92,21.68,21.95,29.14,29.36,27.77,27.98,19.39,20.21,17.19,18.33
04/08/2022,22.06,22.66,21.44,21.44,28.46,28.97,27.81,27.81,18.8,20.2,16.62,18
05/08/2022,21.5,22.58,20.76,21.15,28.84,28.87,26.82,27.13,18,21.44,15.59,17.54
08/08/2022,21.74,22.01,20.83,21.29,27.94,28.22,26.97,27.65,17.8,21.94,15.96,18.25
09/08/2022,21.41,22.23,21.41,21.77,28.43,28.81,28.06,28.41,18.39,19.14,17.57,18.41
10/08/2022,22.28,22.34,19.54,19.74,27.03,27.23,25.47,25.72,16.88,18.52,16.28,16.52
11/08/2022,19.84,20.85,19.71,20.2,25.77,26.87,25.58,26.13,16.56,18.54,16.06,16.97
12/08/2022,20.34,20.35,19.12,19.53,25.93,26.24,24.91,25.18,16.72,18,16.19,16.52
15/08/2022,20.74,21.16,19.81,19.95,26.38,26.5,25.31,25.4,17.38,17.79,16.49,16.82
16/08/2022,20.23,20.39,19.5,19.69,25.71,25.93,25.13,25.55,16.95,17.79,13.24,16.69
17/08/2022,19.74,20.63,19.41,19.9,26.39,26.87,25.7,26.33,17.3,18.06,15.04,17.26
18/08/2022,20.51,20.61,19.43,19.56,26.58,26.83,25.31,25.52,17.36,19.73,16.08,19.73
19/08/2022,20.16,21.27,20.08,20.6,26.65,27.22,26.02,26.74,17.59,18.09,14.91,17.44
22/08/2022,22.41,24.62,22.39,23.8,29.26,30.22,29.05,29.65,19.28,22.14,15.16,20.18
23/08/2022,24.13,24.21,23.07,24.11,29.83,29.97,29.05,29.69,20.31,22.13,17.28,20.6
24/08/2022,24.37,24.86,22.73,22.82,29.84,30.15,28.66,28.96,20.48,23.46,17.72,19.9
25/08/2022,22.41,23.13,21.77,21.78,28.94,29.39,27.97,28.08,20.06,22.58,18.1,18.83
26/08/2022,22.07,25.9,21.67,25.56,28.34,31.77,24.88,31.72,18.84,22.62,15.56,22.36
29/08/2022,26.86,27.67,25.47,26.21,33.16,33.23,31.72,32.3,23.92,23.92,21.84,23.43
30/08/2022,25.75,27.69,25.13,26.21,31.95,33.56,31.91,32.12,22.98,27.64,22.22,23.16
31/08/2022,25.86,26.62,25.31,25.87,32,32.41,31.34,32.19,22.98,27.59,20.24,23.02
01/09/2022,26.88,27.45,25.25,25.56,32.92,33.81,32.08,32.26,23.61,24.09,21.25,22.24
02/09/2022,25.51,26.28,23.19,25.47,31.03,33.01,30.17,32.32,20.47,23.71,18.11,22.39
06/09/2022,25.46,27.8,25.33,26.91,32.76,34.47,32.75,33.59,22.81,24.8,22.08,23.58
07/09/2022,26.93,27.15,24.54,24.64,33.49,33.49,31.38,31.56,23.61,25.38,20.03,21.79
08/09/2022,24.7,25.9,23.56,23.61,32.23,32.38,29.8,30.48,21.79,23.23,18.95,20.64
09/09/2022,23.49,23.57,22.64,22.79,29.95,30.11,28.98,29.23,20.05,20.78,19.45,20.12
12/09/2022,23.58,24.23,23.16,23.87,29.79,30.18,29.54,29.81,19.45,24.76,19.1,20.12
13/09/2022,23.67,28.15,23.53,27.27,30.95,33.95,30.52,33.18,20.86,29.18,20.45,23.03
14/09/2022,26.73,27.56,26.16,26.16,33.16,33.64,32.34,32.57,23.07,24.3,14.07,22.57
15/09/2022,26.1,26.93,25.42,26.27,33.08,33.35,31.78,32.65,22.92,29.38,21.76,23.14
16/09/2022,27.47,28.45,26.14,26.3,34.17,34.82,32.76,32.83,24.25,25.64,15.39,22.78
19/09/2022,27.69,27.95,25.56,25.76,34.51,34.51,31.97,32.36,24.08,27.68,21.34,22.65
20/09/2022,25.65,27.81,25.61,27.16,33.34,34.05,32.72,33.3,23.56,27.69,22.65,23.61
21/09/2022,28.03,30.18,25.55,27.99,33.47,34.13,15.7,33.87,23.41,26.81,14.77,24.19
22/09/2022,28.16,28.38,26.71,27.35,33.56,34.17,32.48,32.92,24.26,25.15,22.63,23.56
23/09/2022,27.68,32.31,27.58,29.92,34.16,36.66,33.02,34.88,24.48,27.48,23.4,25.46
26/09/2022,31.74,32.88,29.83,32.26,36.48,37.12,34.89,36.93,23.05,28.17,23.05,27.18
27/09/2022,31.2,34.14,30.3,32.6,35.98,38.61,35.33,37.15,26.92,29.38,23.47,27.82
28/09/2022,34.5,34.88,30.03,30.18,37.56,38.31,33.23,35.51,25.93,28.89,25.26,26.16
29/09/2022,31.67,33.46,31.16,31.84,36.62,38.25,36.57,36.91,27.52,33.93,25.75,27.24
30/09/2022,31.61,33.25,29.39,31.62,37.67,38.14,35.25,36.61,25.33,29.03,22.55,26.41
03/10/2022,33,33.06,29.63,30.1,37.05,37.48,35.5,35.56,24.64,27.17,24.64,25.97
04/10/2022,29.52,29.62,28.56,29.07,34.86,34.96,33.95,34.42,25.1,26.82,24.93,26.2
05/10/2022,29.36,30.11,28.5,28.55,35.23,35.55,34.07,34.33,27,27.09,18.34,25.86
06/10/2022,28.6,30.74,28.56,30.52,34.59,35.96,34.47,35.84,26.24,27.35,25.19,26.96
07/10/2022,30.37,32.02,29.88,31.36,36.19,37.41,36.12,36.86,26.88,28.31,26.2,27.86
10/10/2022,32.93,33.99,32.05,32.45,38.25,39.77,38.04,38.57,28.69,30.15,27.83,28.7
11/10/2022,33.56,34.43,32.45,33.63,39.45,39.87,34.83,39.38,29.34,34.27,28.67,32.15
12/10/2022,33.54,34.53,33.11,33.57,39.85,40.2,39.11,39.51,29.94,31.78,26.86,29.41
13/10/2022,33.6,33.87,31.63,31.94,39.1,39.45,25.52,38.27,29.31,33.31,26.4,28.31
14/10/2022,31.89,32.98,31.14,32.02,37.87,39.12,35,37.75,27.91,32.08,24.52,27.99
17/10/2022,32.27,32.59,30.7,31.37,37.79,37.94,37.03,37.07,27.9,29.03,26.74,27.53
18/10/2022,31.1,31.93,30.42,30.5,36.63,37.24,36.09,36.11,27.15,29.76,25.48,27.13
19/10/2022,30.94,31.9,30.76,30.76,36.81,37.4,35.63,36.37,27.96,34.44,22.81,27.24
20/10/2022,31.3,31.32,29.76,29.98,36.48,36.73,34.22,35.77,27.21,31.88,26.48,26.72
21/10/2022,30.21,30.44,29.24,29.69,35.97,36.44,33.83,35.25,26.08,28.85,23.86,26.26
24/10/2022,30.65,30.95,29.78,29.85,36.13,36.67,24.37,35.5,27.46,31.3,22.73,27.08
25/10/2022,29.8,30,28.22,28.46,35.37,35.62,16.05,34.14,27.08,27.31,22.95,25.72
26/10/2022,28.44,28.52,27.27,27.28,34.45,34.45,28.21,33.28,25.69,28.1,24.25,24.93
27/10/2022,27.51,27.67,26.94,27.39,33.56,33.99,18.21,33.82,24.9,25.87,23.15,24.71
28/10/2022,27.43,27.59,25.75,25.75,33.22,33.26,16.81,31.86,24.01,25.42,23.25,23.47
31/10/2022,26.91,27.07,25.84,25.88,33.23,33.69,31.16,31.16,24.89,24.96,23.63,23.78
01/11/2022,25.96,26.35,25.66,25.81,31.63,32.16,31.08,31.99,23.69,25.69,22.9,24.28
02/11/2022,26.04,26.62,25.39,25.86,32.53,32.82,9.94,32.1,24.77,27.12,21.52,24.35
03/11/2022,25.98,26.87,25.1,25.3,33.12,33.19,31.68,31.79,25.04,25.6,22.71,23.66
04/11/2022,25.63,25.71,24,24.55,31.13,31.73,30.33,30.86,23.02,24.05,21.95,23.05
07/11/2022,25.67,25.67,24.34,24.35,31.83,32.18,28.78,30.84,23.74,24.19,23.03,23.23
08/11/2022,24.71,26.16,24.24,25.54,30.92,32.73,30.65,31.53,23.22,25.66,22.89,24.86
09/11/2022,25.34,26.35,25.02,26.09,31.86,32.62,31.41,32.49,25.14,26.13,23.5,24.76
10/11/2022,26.51,26.59,22.84,23.53,29.29,30.38,29.01,30.35,22.05,23,21.76,22.77
11/11/2022,23.89,23.91,22.37,22.52,30.46,30.68,28.38,28.97,22.64,23.79,21.06,21.66
14/11/2022,23.99,24.33,22.86,23.73,30.69,30.73,29.36,30.02,22.43,28.78,18.62,21.87
15/11/2022,23.77,26.22,23.18,24.54,29.64,32.21,29.37,30.3,21.46,23.69,17.75,22.2
16/11/2022,24.29,24.72,23.99,24.11,30.61,30.72,29.67,30.05,22.08,22.53,20.41,21.56
17/11/2022,24.05,25.18,23.81,23.93,31.03,31.2,29.51,30.02,22.52,22.79,20.59,21.45
18/11/2022,24.03,24.12,22.98,23.12,29.6,30.03,29.01,29.25,21.25,22.43,20.1,20.91
21/11/2022,24.05,24.12,22.3,22.36,30.23,30.33,28.65,29,21.7,21.91,19.08,20.61
22/11/2022,22.59,22.71,21.28,21.29,28.96,29.01,27.27,27.79,20.34,20.77,18.12,19.72
23/11/2022,21.49,21.78,20.32,20.35,28.06,28.2,26.2,26.66,19.88,20.57,17.79,19.4
25/11/2022,20.61,21.11,20.46,20.5,27.18,27.54,26.76,26.79,20.64,27.36,19.8,20.36
28/11/2022,22.09,22.5,21.65,22.21,28.49,28.63,27.89,28.31,22.03,23.4,20,21.49
29/11/2022,22.09,22.57,21.83,21.89,28.37,29.08,27.76,28.36,21.47,23.92,18.1,20.7
30/11/2022,21.7,22.63,20.31,20.58,28.68,28.95,26.17,26.46,20.9,22.26,18.16,19.25
01/12/2022,20.83,21.06,19.8,19.84,26.82,27.33,25.49,26.09,19.35,22.48,17.74,19.97
02/12/2022,20.42,20.96,18.95,19.06,26.44,26.65,24.25,24.78,20.3,21.43,18.67,18.7
05/12/2022,20.3,21.29,19.78,20.75,26.09,26.61,25.48,26.16,19.96,22.9,17.15,19.86
06/12/2022,20.69,22.6,20.38,22.17,26.07,28.06,25.92,27.53,19.84,25.99,19.78,20.42
07/12/2022,22.32,23.01,22.18,22.68,28.07,28.63,27.85,28.11,20.92,22.26,20.46,20.94
08/12/2022,22.81,23.28,22.06,22.29,28.25,28.83,27.54,27.59,21.03,23.24,19.96,20.35
09/12/2022,22.55,23.21,22.18,22.83,28.28,28.54,27.45,27.94,20.6,22.23,18.88,20.88
12/12/2022,24.4,25.05,24.18,25,29.7,30.22,29.59,30.06,20.47,24.06,18.65,20.99
13/12/2022,25.24,25.84,21.46,22.55,27.76,28.47,26.24,26.91,17.69,22.57,16.44,18.61
14/12/2022,22.83,23.47,21.07,21.14,27.55,27.87,11.92,25.75,18.54,20.53,13.65,16.71
15/12/2022,21.52,23.67,21.25,22.83,26.29,28.45,26.14,27.34,18.21,21.75,17.72,18.63
16/12/2022,23.26,23.83,22.09,22.62,27.88,27.92,22.8,27.33,19.19,20.9,14.98,18.8
19/12/2022,22.63,22.86,21.61,22.42,27.64,27.78,26.65,27.41,19.51,24.3,11.88,19.24
20/12/2022,23.17,23.39,21.35,21.48,27.79,28,26.26,26.65,19.45,20.82,17.94,18.46
21/12/2022,21.25,21.29,19.94,20.07,26.02,26.23,25.14,25.15,17.74,21.79,14.25,17.72
22/12/2022,20.08,24.3,20.01,21.97,25.76,29.56,25.75,27.35,18.23,24.04,16.49,19.09
23/12/2022,22.17,22.64,20.78,20.87,27.53,28.33,26.12,26.33,19.13,20.04,15.36,18.27
27/12/2022,21.67,22.8,21.59,21.65,28.12,28.81,27.75,27.78,19.7,22.31,18.55,19.43
28/12/2022,21.47,22.26,20.96,22.14,28.11,28.66,27.31,28.38,19.75,21.91,18.77,20.2
29/12/2022,22.25,22.31,21.36,21.44,28.11,28.28,27.01,27.36,19.97,21.45,18.95,19.63
30/12/2022,21.83,22.4,21.59,21.67,28.2,28.64,27.16,27.6,20.08,22.72,15.79,19.39
03/01/2023,23.09,23.76,22.73,22.9,29.06,30.08,28.69,29.11,20.44,26.99,14.7,20.14
04/01/2023,22.93,23.27,21.94,22.01,29,29.55,5.85,28.36,19.98,21.21,16.44,19.22
05/01/2023,22.2,22.92,21.97,22.46,28.67,29.46,28.38,28.81,19.44,22.16,18.79,19.61
06/01/2023,22.69,22.9,21,21.13,28.45,28.79,26.47,26.96,19.07,27.12,15.96,18.32
09/01/2023,21.75,21.98,21.27,21.97,27.55,28,27.25,27.86,18.92,19.4,18.57,19.34
10/01/2023,22.22,22.46,20.58,20.58,28.18,28.29,26.75,26.94,19.36,20.84,18.02,18.02
11/01/2023,20.8,21.25,20.62,21.09,27.16,27.47,26.87,27.34,17.73,19.24,17.73,18.58
12/01/2023,21.56,21.8,18.83,18.83,25.87,26.4,24.54,24.76,17.38,18.25,16.17,16.18
13/01/2023,19,19.41,18.01,18.35,25.19,25.19,23.14,23.82,16.5,17.08,14.37,15.78
17/01/2023,19.89,20.22,19.21,19.36,25.45,25.75,24.42,24.75,16.86,17.71,14.22,16.51
18/01/2023,19.28,20.58,18.71,20.34,24.51,25.79,24.26,25.51,16.44,18.34,16.31,17.98
19/01/2023,20.43,21.71,20.17,20.52,25.92,26.3,24.77,25.28,18.81,21.81,17.73,18.15
20/01/2023,20.28,20.7,19.41,19.85,25.1,25.31,24.04,24.54,18.31,20.6,13.97,17.44
23/01/2023,20.21,20.33,19.55,19.81,25.01,25.18,24.45,24.61,17.95,24.24,15.05,17.56
24/01/2023,19.89,20.47,18.91,19.2,24.97,25.48,24.08,24.55,18.04,25.1,17,17.11
25/01/2023,19.56,20.9,18.99,19.08,24.75,26.77,24.19,24.54,18.14,22.86,15.53,17.12
26/01/2023,19.05,19.48,18.67,18.73,24.47,25.05,24.42,25.01,17.09,21.87,16.87,16.94
27/01/2023,18.9,19,17.97,18.51,24.94,24.94,23.93,24.57,17.05,24.73,13.58,16.81
30/01/2023,19.76,20.25,19.54,19.94,25.9,26.56,25.74,26.25,17.3,21.99,14.43,18.23
31/01/2023,20.12,20.7,19.13,19.4,26.36,26.67,25.38,25.79,17.99,23.16,16.72,17.77
01/02/2023,19.62,20.04,17.7,17.87,26.11,26.28,23.08,24.04,17.96,24.09,15.25,16.55
02/02/2023,17.74,19.25,17.06,18.73,24.06,25.86,23.3,25.06,16.66,22.69,14.9,17.31
03/02/2023,18.57,19.3,17.93,18.33,24.31,25.74,21.95,25.4,17.09,26.42,16.04,16.89
06/02/2023,19.23,19.81,19.21,19.43,26.48,26.67,25.6,25.89,17.75,17.92,15.26,17.21
07/02/2023,19.54,19.99,18.43,18.66,26.16,26.35,20.97,25.46,17.58,23.12,15.64,16.63
08/02/2023,18.88,20.12,18.55,19.63,25.73,26.78,19.74,26.45,16.64,18.1,15.35,17.52
09/02/2023,19.24,21.08,19.02,20.71,26.13,28.44,26.09,27.64,17.24,18.96,14.89,18.78
10/02/2023,20.74,21.94,20.44,20.53,28.14,28.48,26.84,27.09,19.05,24.75,18.26,18.49
13/02/2023,21.66,21.69,20.33,20.34,28.28,28.35,26.89,27.26,19,20.98,15.37,17.97
14/02/2023,20.72,20.75,18.48,18.91,25.84,26.17,24.44,25.06,17.94,22,16.7,17.01
15/02/2023,19.37,19.41,18.11,18.23,25.13,25.21,23.64,24.09,16.84,21.42,16.23,16.3
16/02/2023,18.26,20.27,18.23,20.17,25.53,26.13,24.08,26.06,16.98,28,15.84,17.74
17/02/2023,20.94,21.3,19.82,20.02,26.87,27.12,25.57,25.82,18.3,20.32,15.12,17.31
21/02/2023,21.8,23.34,21.8,22.87,28.49,29.21,27.97,28.57,18.59,25.15,17.29,19.56
22/02/2023,23.03,23.63,22.02,22.29,28.98,29.09,27.59,28.02,19.66,27.35,14.38,19.35
23/02/2023,21.96,22.43,20.89,21.14,27.39,28.26,26.41,26.83,18.71,24.14,16.76,18.15
24/02/2023,21.35,22.9,21.32,21.67,27.98,28.56,27.02,27.18,19.02,24.73,18.43,18.47
27/02/2023,21.99,22.02,20.68,20.95,27.08,27.2,26.43,26.65,18.27,19.96,15.39,18.02
28/02/2023,21.3,21.37,20.1,20.7,26.94,27.08,25.75,26.4,18.14,22.53,16.95,17.9
01/03/2023,20.39,21.32,20.22,20.58,26.44,27.07,25.57,26.48,17.73,20.1,16.7,18.06
02/03/2023,21.41,21.42,19.55,19.59,27.03,27.12,25.25,25.7,18.36,23.94,17.07,17.13
03/03/2023,19.76,19.76,18.16,18.49,25.44,25.44,23.94,24.36,17,21.42,16.13,17.99
06/03/2023,19.05,19.19,18.49,18.61,24.76,24.79,23.82,24.25,16.73,19.4,14.56,16.6
07/03/2023,18.64,19.74,18.51,19.59,24.39,25.02,23.82,24.65,16.85,20.26,16.54,17.55
08/03/2023,19.71,20.01,19,19.11,24.8,25.08,23.86,24.08,17.56,19.32,16.1,17.26
09/03/2023,19.33,23.14,18.88,22.61,24.33,27.26,23.96,26.55,17.02,24.98,16.57,23.01
10/03/2023,23.34,28.97,21.79,24.8,26.35,31.2,26.09,27.94,19.89,26.03,19.89,21.22
13/03/2023,24.05,30.81,23.85,26.52,31.71,32.6,27.88,29.39,24.68,25.31,15.85,22.66
14/03/2023,26.85,27.24,22.27,23.73,26.89,27.85,16.85,26.72,20.35,27.01,15.75,20.1
15/03/2023,23.21,29.91,23.19,26.14,28.85,31.38,27.72,28.69,22.14,29.87,16.76,22
16/03/2023,26.19,27.49,22.97,22.99,29.47,29.72,26.23,26.62,23.02,25.94,18.13,19.4
17/03/2023,22.92,26.14,22.58,25.51,27.11,29.49,26.39,28.35,19.62,26.55,19.53,22.47
20/03/2023,27.77,28.91,24,24.15,29.23,29.65,27.22,27.55,23.05,27.42,18.79,21.34
21/03/2023,24.16,24.16,21.29,21.38,26.22,26.5,25.31,25.68,19.86,22.79,18.31,18.87
22/03/2023,21.8,22.38,19.94,22.26,25.53,26.67,24.13,26.6,19.24,21.07,14.89,20.44
23/03/2023,21.54,24.91,20.16,22.61,25.35,28.14,24.47,26.56,19.19,22.97,18.34,20.41
24/03/2023,22.11,25.21,21.6,21.74,27.34,28.59,23.96,25.78,21.31,26.02,18.82,20.2
27/03/2023,22.05,22.93,20.57,20.6,25.85,26.11,24.68,25.07,19.29,24.5,16.95,19.2
28/03/2023,20.53,21.4,19.91,19.97,25.63,25.85,24.47,24.5,19.54,26.24,16.94,18.87
29/03/2023,19.39,19.45,19.09,19.12,23.86,24.26,23.36,23.99,17.97,21.34,16.24,18.05
30/03/2023,19.12,20.08,18.85,19.02,23.81,24.78,23.57,23.99,17.64,19.86,16.63,17.98
31/03/2023,19.21,19.43,18.52,18.7,23.96,24.08,23.06,23.6,17.76,20.44,14.71,17.55
03/04/2023,19.79,19.83,18.54,18.55,24.96,24.96,23.44,23.67,17.42,20.9,14.01,16.63
04/04/2023,18.79,20.03,18.58,19,23.93,25.03,23.7,24.28,16.75,21.84,16.7,16.9
05/04/2023,19.42,20.08,19,19.08,24.89,25.48,24.25,24.62,17.18,20.38,16.67,16.72
06/04/2023,19.3,19.88,18.35,18.4,25.24,25.5,23.5,23.86,16.92,23.14,16.56,16.63
10/04/2023,19.39,20.05,18.93,18.97,25.5,25.7,24.31,24.56,18,19.25,15.82,15.82
11/04/2023,19.08,19.28,18.56,19.1,24.9,24.97,24.18,24.71,16.69,20.6,16.16,16.62
12/04/2023,19.38,19.98,18.25,19.09,24.54,25.1,23.68,24.49,15.96,18.9,15.61,16.47
13/04/2023,18.83,19.06,17.77,17.8,23.97,24.23,22.79,23.28,15.77,20.73,13.8,15.38
14/04/2023,17.94,18.12,17.07,17.07,23.5,23.53,19.49,22.22,15.05,16.32,14.15,14.7
17/04/2023,17.58,17.79,16.9,16.95,23.05,23.1,21.4,21.91,14.66,15.93,12.92,14.32
18/04/2023,16.94,17.34,16.58,16.83,21.86,22.22,20.94,21.41,14.51,21.91,13.92,14.33
19/04/2023,17.3,17.72,16.17,16.46,21.75,21.89,20.82,21.24,14.53,21.32,12.94,14.48
20/04/2023,16.85,17.69,16.33,17.17,22.13,22.26,20.88,21.77,15.19,20.72,10.88,15.37
21/04/2023,17.51,17.71,16.58,16.77,21.92,22.27,21.06,21.29,15.34,21.88,14.39,17.32
24/04/2023,18.22,18.24,16.74,16.89,22.29,22.33,21.22,21.52,14.96,21.75,12.94,15.91
25/04/2023,17.62,19.86,17.33,18.76,22.43,24.05,19.82,22.97,15.16,23.8,15.16,16.86
26/04/2023,18.66,19.61,17.87,18.84,23.2,23.52,22.25,22.77,16.85,20.75,14.93,17.31
27/04/2023,18.43,18.43,16.72,17.03,21.93,21.95,20.58,21.05,16.78,21.36,13.37,15.27
28/04/2023,17.21,17.65,15.72,15.78,21.08,21.14,19.97,20.12,15.36,19.03,14.26,14.26
01/05/2023,16.41,16.62,15.53,16.08,20.77,20.78,19.73,20.19,15.09,20.65,14.16,14.84
02/05/2023,16.27,19.81,16.26,17.78,20.59,23.22,20.41,21.63,15.21,23.24,14.84,16.72
03/05/2023,17.82,18.83,17.19,18.34,21.75,22.43,12.19,22.03,16.84,26.21,15.64,17.42
04/05/2023,19.17,21.33,18.67,20.09,22.85,24.12,22.44,23.14,18.05,27.92,16.78,19.03
05/05/2023,19.5,19.63,16.69,17.19,21.57,21.57,19.9,20.36,17.25,27.36,15.76,15.92
08/05/2023,17.73,17.88,16.83,16.98,21.14,21.26,19.87,20.31,16.28,22.4,16.13,16.33
09/05/2023,17.29,17.86,17.22,17.71,21.02,21.11,20.35,20.85,16.6,20.62,15.12,17.18
10/05/2023,17.58,18.31,16.36,16.94,19.76,21.1,19.26,19.76,16.31,22.28,16.21,16.6
11/05/2023,16.8,18.19,16.63,16.93,20.35,20.84,18.85,19.4,17.15,25.94,16.08,16.38
12/05/2023,16.83,17.92,16.38,17.03,19.2,20.46,18.49,19.53,15.9,23.78,15.8,16.18
15/05/2023,17.44,18.16,17.08,17.12,20.38,20.71,19.1,19.55,16.32,24.59,15.13,15.87
16/05/2023,17.54,18.3,17.26,17.99,19.93,20.28,19.24,19.84,16.26,26.42,15.48,16.68
17/05/2023,17.96,18.26,16.68,16.87,19.43,19.95,18.35,19.16,16.01,24.25,13.78,15.19
18/05/2023,16.92,17.15,16.05,16.05,19.12,19.56,18.74,19.32,15.4,24.21,14.69,14.82
19/05/2023,16.13,17.36,15.85,16.81,19.25,20.31,19.25,19.68,14.4,26.08,14.3,15.15
22/05/2023,17.45,18.13,16.82,17.21,20,20.35,19.36,19.97,14.83,23.97,11.61,15.33
23/05/2023,17.35,19.31,17.3,18.53,20.39,21.57,19.76,20.99,15.89,22.18,15.1,16.46
24/05/2023,18.8,20.81,18.8,20.03,22.1,22.9,21.54,22.4,17.26,27.47,17.11,17.67
25/05/2023,19.54,19.95,18.7,19.14,22.02,22.78,21.3,21.69,14.36,24.58,14.36,16.74
26/05/2023,19.07,19.56,17.27,17.95,21.66,22.62,20.83,22.21,16,21.78,15.72,16.82
30/05/2023,17.56,18.34,16.98,17.46,21.89,23.19,21.73,22.42,13.94,24.69,13.92,16.62
31/05/2023,18.04,18.4,17.12,17.94,22.58,22.85,21.13,22.12,16.73,26.63,15.66,16.3
01/06/2023,17.24,17.59,15.58,15.65,21.66,21.8,19.95,20.46,16.1,23.61,12.93,14.88
02/06/2023,15.65,15.65,14.42,14.6,20.2,20.29,19.26,19.29,13.49,23.37,13.49,13.8
05/06/2023,15.28,15.29,14.66,14.73,19.92,20.21,18.98,19.42,14.17,21.52,14,14.12
06/06/2023,14.91,14.97,13.95,13.96,18.87,19.64,18.05,18.54,14.3,22.32,13.47,13.64
07/06/2023,14.14,14.29,13.77,13.94,18.58,19.42,18.33,19.21,13.63,17.64,13.32,13.43
08/06/2023,14.14,14.21,13.53,13.65,19.32,19.58,18.14,18.66,13.24,19.49,12.06,13.1
09/06/2023,13.78,14.14,13.5,13.83,18.73,19.12,18.18,18.89,13.17,19.38,12.29,12.96
12/06/2023,14.44,15.02,14.32,15.01,19.61,20.5,19.48,20.46,13.5,28.08,9.39,15.02
13/06/2023,14.99,15.06,14.47,14.61,20.09,20.56,19.37,20.06,14.54,26.05,8.53,14
14/06/2023,14.48,14.73,13.83,13.88,20.02,20.69,19.25,19.72,12.31,24.59,6.48,14.91
15/06/2023,14.09,14.52,13.79,14.5,19.95,20.54,19.66,20.28,14.91,21.97,3.1,14.21
16/06/2023,14.49,14.54,13.48,13.54,20.4,20.72,19.25,19.55,13.63,22.31,11.31,13.22
20/06/2023,14.36,14.67,13.86,13.88,20.54,20.63,19.47,19.95,12.62,18.74,10.1,13.05
21/06/2023,13.88,13.89,13.1,13.2,20,20.02,18.63,19.29,12.49,22.92,12.08,12.22
22/06/2023,13.88,13.98,12.73,12.91,19.91,20.07,18.36,18.82,11.99,21.04,11.66,11.66
23/06/2023,13.24,13.8,12.88,13.44,19.57,19.86,18.61,19.29,12.03,17.47,9.54,12.14
26/06/2023,14.43,14.71,13.78,14.25,20.6,20.62,13.67,20.37,12.12,22.41,11.14,11.87
27/06/2023,14.11,14.34,13.59,13.74,20.47,20.59,19.65,20.08,11.66,17.14,10.3,11.12
28/06/2023,13.9,13.96,13.36,13.43,20.4,20.42,19.55,20.02,10.7,19.37,10.21,11.75
29/06/2023,13.64,13.85,13.41,13.54,20.13,20.58,19.47,19.98,11.79,18.04,9.82,12.49
30/06/2023,13.51,13.59,12.96,13.59,20,20.14,19,19.55,10,16.55,9.79,10.27
03/07/2023,13.85,13.85,13.47,13.57,20.17,20.17,19.4,19.87,10.8,13.91,9.09,13.46
05/07/2023,14.19,14.74,14.05,14.18,19.87,20.55,19.52,19.91,14,15.82,9.2,12.07
06/07/2023,14.85,17.08,14.79,15.44,20.67,21.86,20.44,21.11,12.09,16.81,9.86,11.64
07/07/2023,15.97,16.06,14.33,14.83,20.78,21.12,19.79,20.6,11.89,18.73,9.41,12.28
10/07/2023,16.08,16.21,15.04,15.07,21.15,21.51,20.6,21.08,13.81,14.45,9.96,13.38
11/07/2023,15.02,15.25,14.63,14.84,21.11,21.21,20.41,20.9,13.17,14.37,11.4,13.86
12/07/2023,14.82,14.82,13.51,13.54,20.36,20.44,18.91,19.48,12.41,17.68,9.82,12.7
13/07/2023,13.44,13.61,13.12,13.61,19.36,19.86,18.79,19.78,12.32,18.8,12.07,12.74
14/07/2023,13.72,13.76,13.22,13.34,19.89,20.2,18.87,19.65,12.09,17.34,8.74,12.39
17/07/2023,13.78,14,13.43,13.48,20.07,20.23,19.03,19.43,12.67,20.74,9.77,12.84
18/07/2023,13.61,13.67,13.29,13.3,19.27,19.53,18.76,19.29,12.4,18.94,9.06,12.84
19/07/2023,13.32,13.84,13.12,13.76,19.27,19.8,19.06,19.68,12.25,19.75,11.7,11.9
20/07/2023,13.96,14.23,13.58,13.99,20.09,20.73,19.41,20.2,12.36,22.13,9.65,12.54
21/07/2023,13.87,13.89,13.37,13.6,20.19,20.3,18.99,19.61,12.49,12.95,10.54,11.31
24/07/2023,14.29,14.3,13.73,13.91,20.21,20.4,19.47,19.83,12.68,18.87,11.6,12.97
25/07/2023,14.02,14.09,13.82,13.86,20.12,20.15,14.86,19.71,12.9,14.65,9.77,12.57
26/07/2023,13.86,14.16,13.15,13.19,19.87,19.91,18.41,18.99,12.93,14.52,11.34,12.7
27/07/2023,13.14,15.02,12.74,14.41,18.61,20.53,18.15,19.83,11.8,16.59,10.33,12.77
28/07/2023,14.03,14.18,13.27,13.33,19.28,19.57,18.42,18.92,12.16,14.52,10.24,11.86
31/07/2023,13.98,14.09,13.57,13.63,19.2,19.78,18.88,19.32,12.58,13.81,11.99,12
01/08/2023,13.75,14.3,13.75,13.93,19.8,19.85,19.02,19.67,12.52,13.59,9.45,12.16
02/08/2023,15.7,16.48,14.95,16.09,20.77,22.55,20.76,22.13,13.53,14.14,10.56,13.71
03/08/2023,16.77,17.42,15.72,15.92,22.66,23.31,21.73,22.08,14.38,16.2,11.67,11.68
04/08/2023,16.01,17.39,14.57,17.1,21.52,22.2,19.98,22.02,13.11,17,10.4,13.1
07/08/2023,16.9,17.36,15.77,15.77,21.6,22.14,20.69,20.82,14.03,15.81,12.4,13.74
08/08/2023,16.28,18.14,15.96,15.99,21.54,22.82,20.87,21.07,12.56,15.95,11.75,14.07
09/08/2023,15.81,16.87,15.38,15.96,20.97,22.09,20.8,21.5,13.92,15.55,13.62,14.49
10/08/2023,15.58,16.86,14.6,15.85,20.93,21.62,18.31,21.03,13.28,21.25,12.03,12.72
11/08/2023,15.53,16.51,14.84,14.84,21.66,21.92,20.33,20.45,14.3,14.69,10.44,13.49
14/08/2023,15.88,16.06,14.77,14.82,21.9,21.94,19.74,20.2,13.95,15.05,9.78,12.6
15/08/2023,14.95,16.57,14.91,16.46,20.82,21.52,20.2,21.37,13.44,15.85,10.67,14.34
16/08/2023,16.54,16.93,15.8,16.78,21.34,22.13,20.86,22.08,14.25,22.32,10.99,15.5
17/08/2023,16.96,18.13,16.4,17.89,21.79,23.12,21.63,22.71,14.3,15.42,10.65,15.32
18/08/2023,17.8,18.88,17.14,17.3,23.33,23.54,21.32,22.01,15.97,16.01,14.28,14.44
21/08/2023,18.03,18.11,16.88,17.13,22.54,22.6,21.5,21.89,14.9,15.2,14.09,14.42
22/08/2023,16.96,17.58,16.61,16.97,21.76,22.3,21.61,21.82,14.35,15.54,14.33,14.54
23/08/2023,16.64,17.1,15.91,15.98,21.74,21.8,20.89,21.36,14.18,14.38,11.56,13.48
24/08/2023,15.57,17.32,15.48,17.2,20.85,22.63,20.84,22.58,13.4,14.58,10.89,14.41
25/08/2023,17.21,17.36,15.45,15.68,22.2,22.92,19.19,20.88,14.11,15.54,13.09,13.7
28/08/2023,16.24,16.28,15,15.08,21.32,21.47,19.98,20.39,13.41,17.76,12.65,12.65
29/08/2023,15.08,15.3,14.34,14.45,20.52,20.56,15.7,19.33,12.75,13.08,11.74,12.27
30/08/2023,14.53,14.7,13.83,13.88,19.38,19.65,18.36,19.07,12.13,14.87,11.44,11.99
31/08/2023,13.98,14,13.44,13.57,19.04,19.22,17.96,18.74,11.54,13.97,11.16,12.15
01/09/2023,13.56,13.56,13.02,13.09,18.53,18.93,17.91,18.41,11.57,12.03,11.37,11.64
05/09/2023,14.15,14.47,13.7,14.01,19.82,19.86,18.61,19.4,12.41,14.79,11.67,12.09
06/09/2023,14.27,15.3,14.13,14.45,19.66,20.36,18.93,19.79,12.49,15.59,12.32,12.94
07/09/2023,14.81,15.69,14.4,14.4,21.03,21.35,19.55,19.95,13.72,14.05,12.17,12.84
08/09/2023,14.22,14.87,13.58,13.84,19.99,19.99,18.9,19.15,12.78,13.37,11.96,11.97
11/09/2023,14.17,14.33,13.74,13.8,19.49,19.57,18.46,18.84,11.46,13.97,7.02,11.99
12/09/2023,14.02,14.42,13.71,14.23,19.21,19.31,18.69,19.21,11.79,13.23,9.32,12.25
13/09/2023,14.42,14.68,13.41,13.48,18.97,18.99,17.94,18.07,11.56,13.35,9.15,11.73
14/09/2023,13.39,13.46,12.79,12.82,18.24,18.3,17.01,17.25,10.92,11.69,6.51,10.37
15/09/2023,12.7,14.17,12.68,13.79,17.56,19.03,17.44,18.69,10.63,13.47,8.49,11.52
18/09/2023,14.4,14.75,13.86,14,19.86,19.88,18.43,18.96,11.95,15.86,10.63,11.96
19/09/2023,14.11,14.88,13.86,14.11,19.59,20.11,18.6,19.21,12.18,14.75,11.56,12.27
20/09/2023,14.18,15.15,13.57,15.14,19.29,20.52,18.4,20.46,12.07,17.75,11.77,13.11
21/09/2023,15.49,17.54,15.1,17.54,21.07,22.48,21.07,22.48,13.65,19.9,11.07,14.48
22/09/2023,17.31,17.41,15.93,17.2,21.74,22.02,20.72,22.01,13.91,18.96,12.12,14.14
25/09/2023,17.25,18.41,16.79,16.9,22.72,22.89,21.57,21.65,15.14,16.59,11.58,12.96
26/09/2023,18.03,19.5,17.17,18.94,22.23,23.47,22.09,22.87,14.95,21.92,13.32,15.32
27/09/2023,18.29,19.71,18.03,18.22,22.36,23.54,22.25,22.34,15.11,19.25,13.17,15.29
28/09/2023,18.22,18.77,17.06,17.34,22.95,23.08,21.23,21.53,15.8,18.76,12.09,12.44
29/09/2023,16.87,17.74,15.83,17.52,20.82,21.7,20.18,21.28,13.51,18.32,11.52,15.48
02/10/2023,17.31,18.55,16.93,17.61,22.18,22.31,21.2,21.51,15.28,17.15,12.05,14.45
03/10/2023,17.81,20.48,17.52,19.78,22.42,24.37,22.21,23.77,15.64,20.63,12.75,16.12
04/10/2023,20.72,20.88,18.3,18.58,23.62,23.88,22.51,22.68,16.49,18.44,14.76,15.37
05/10/2023,18.67,19.58,18.26,18.49,22.78,23.9,22.5,22.76,15.79,21.38,11.99,15.02
06/10/2023,18.73,19.93,17.19,17.45,23.35,23.68,21.31,21.41,16.36,24.62,11.15,12.44
09/10/2023,19.54,19.6,17.56,17.7,22.85,23.12,21.75,21.82,15.86,22.7,13.15,14.87
10/10/2023,17.7,17.86,16.51,17.03,21.85,21.88,20.83,21.13,14.79,21.62,10.52,14.02
11/10/2023,16.95,17.78,16.09,16.09,20.67,21.49,20.16,20.16,14,23.45,12.78,13.18
12/10/2023,16.08,18.08,15.44,16.69,20.22,22.07,19.54,20.63,13.53,25.84,11.91,13.25
13/10/2023,16.53,20.78,16.5,19.32,20.74,24.26,20.53,22.75,13.9,23,11.24,15.07
16/10/2023,19.1,19.57,17.14,17.21,22.53,22.6,20.89,21.39,15.23,26.05,8.29,13.98
17/10/2023,17.41,18.54,16.97,17.88,22.64,23.15,21.42,21.96,15.33,25.69,9.75,14.51
18/10/2023,18.36,20.15,17.88,19.22,22.72,24.15,22.42,23.44,15.33,25.03,11.43,15.19
19/10/2023,19.73,21.4,18.55,21.4,23.12,24.89,22.34,24.74,17.57,27.77,14.02,16.7
20/10/2023,21.59,21.83,20.42,21.71,24.54,25.42,23.86,25.31,17.23,24.49,12.49,16.55
23/10/2023,21.83,23.08,19.48,20.37,25.46,25.89,23.26,23.97,17.71,26.17,14.22,16.26
24/10/2023,20.03,20.24,18.65,18.97,23.48,23.68,20.72,22.34,16.18,25.63,13.52,16.15
25/10/2023,19.39,21.24,18.86,20.19,22.71,24.84,22.71,24.34,15.6,24.64,13.34,15.88
26/10/2023,21.78,21.96,20.22,20.68,24.72,26.1,24.51,24.85,17.08,26.1,15.42,16.97
27/10/2023,20.39,22.07,19.72,21.27,24.25,25.14,23.55,24.44,17,24.5,14.84,17.12
30/10/2023,21.13,21.16,19.55,19.75,24.38,24.57,23.33,23.61,17.11,24.96,15.42,16.17
31/10/2023,19.86,19.86,17.97,18.14,23.65,24.05,22.23,22.46,16.35,26.14,14.65,14.79
01/11/2023,18.02,18.42,16.63,16.87,22.24,22.3,20.43,20.68,14.98,27.67,13.51,13.6
02/11/2023,16.59,16.62,15.58,15.66,20.07,20.11,19.16,19.54,13.73,18.8,12.8,13.57
03/11/2023,15.7,15.83,14.91,14.91,19.15,19.21,18.32,18.62,13.75,21.07,12.58,12.58
06/11/2023,15.39,15.58,14.84,14.89,19.33,19.4,18.55,18.65,13.33,18.53,12.25,12.25
07/11/2023,15.1,15.17,14.71,14.81,18.66,18.98,18.06,18.45,13.11,18.69,11.97,11.99
08/11/2023,14.91,15.09,14.3,14.45,18.46,18.92,17.74,18.16,12.6,17.95,11.78,11.78
09/11/2023,14.61,15.57,14.13,15.29,18.19,19.26,18.02,19.01,12.49,25.37,12.37,12.37
10/11/2023,15.09,15.45,14.16,14.17,18.77,18.84,17.55,17.95,12.81,23.42,11.33,11.41
13/11/2023,15.16,15.19,14.58,14.76,19.13,19.18,18.17,18.82,13.04,27.4,10.63,11.88
14/11/2023,14.83,14.86,13.91,14.16,18.15,18.2,17.27,17.89,11.57,16.59,8.08,10.75
15/11/2023,14.21,14.35,13.97,14.18,17.95,18.24,17.06,18.09,11.67,18.25,9.78,10.9
16/11/2023,14.12,14.42,13.68,14.32,18.01,18.31,17.05,17.83,11.66,18.67,10.52,11.55
17/11/2023,14.18,14.19,13.67,13.8,17.85,17.87,16.89,17.41,11.31,20.53,11.06,11.38
20/11/2023,14.26,14.31,13.39,13.41,17.8,17.8,16.64,17.14,11.9,18.56,10.97,11.15
21/11/2023,13.45,14.31,13.13,13.35,17.43,17.56,16.76,17.55,11.68,22.89,10.17,11.37
22/11/2023,13.08,13.25,12.82,12.85,16.91,17.14,16.12,16.66,11.24,18.78,9.53,10.93
24/11/2023,13.03,13.17,12.45,12.46,17.03,17.05,16.12,16.12,11.33,14.6,9.08,10.56
27/11/2023,13.14,13.28,12.64,12.69,16.77,16.9,15.9,16.44,11.38,15.9,8.54,11.05
28/11/2023,12.78,14.3,12.56,12.69,16.52,16.6,15.67,16.15,11.51,17.48,8.62,10.84
29/11/2023,12.71,13.1,12.48,12.98,16.14,16.58,15.58,16.52,11.04,16.45,10.12,10.45
30/11/2023,13.07,13.39,12.82,12.92,16.64,17,16.1,16.72,11.01,17.4,9.1,15.24
01/12/2023,12.94,12.96,12.48,12.63,16.93,16.97,15.88,16.21,15.24,15.24,10.69,11.88
04/12/2023,13.28,13.7,12.98,13.08,17.1,17.63,16.71,17.21,11.88,12.99,11.44,12.99
05/12/2023,13.26,13.76,12.81,12.85,17.36,17.53,16.75,16.99,12.99,18.18,12.99,13.9
06/12/2023,12.78,13.03,12.64,12.97,16.98,17.18,16.49,17.03,13.9,13.9,10.57,10.57
07/12/2023,13.17,13.28,12.95,13.06,17.14,17.38,16.77,17.08,10.57,10.57,10.57,10.57
08/12/2023,13.14,13.24,12.35,12.35,16.83,16.93,15.69,15.94,10.57,13.92,10.57,13.54
11/12/2023,13.05,13.14,12.61,12.63,16.8,16.83,13.56,16.27,13.54,13.54,13.54,13.54
12/12/2023,12.69,12.74,11.81,12.07,16.29,16.34,15.09,15.38,13.54,13.54,13.54,13.54
13/12/2023,12.2,12.46,11.82,12.19,15.67,15.87,14.17,15.35,13.54,13.54,13.54,13.54
14/12/2023,11.96,12.74,11.84,12.48,15.28,15.8,14.89,15.42,13.54,13.54,13.54,13.54
15/12/2023,12.12,12.54,12.01,12.28,15.32,15.82,14.61,15.47,10.28,26.05,4.59,10.61
18/12/2023,12.62,12.64,12.4,12.56,15.89,16.02,15.05,15.87,10.85,31.86,8.76,11.34
19/12/2023,12.6,12.6,12.33,12.53,15.67,15.88,15.05,15.8,11.25,28.31,10.63,11.53
20/12/2023,12.63,13.93,12.29,13.67,15.84,17.16,15.66,16.98,11.52,28.31,11.11,12.24
21/12/2023,13.4,14.49,13.34,13.65,16.71,17.87,16.44,17.18,12.02,22.29,12.02,12.13
22/12/2023,13.72,13.96,13,13.03,17.14,17.29,16.25,16.62,12.62,30,11.92,11.94
26/12/2023,13.77,13.8,12.96,12.99,17.56,17.59,16.6,17,13.01,21.85,11.91,11.91
27/12/2023,13.02,13.04,12.37,12.43,16.92,16.95,16.02,16.22,13.05,21.45,10.45,10.46
28/12/2023,12.44,12.65,12.38,12.47,16.34,16.52,15.89,16.36,11.89,25.05,11.53,18.26
29/12/2023,12.55,13.19,12.36,12.45,16.5,16.87,15.81,16.2,11.93,23.43,10.87,11.71
02/01/2024,13.22,14.23,13.1,13.2,17.62,18.36,17.25,17.59,12.87,23.45,10.9,12.18
03/01/2024,13.35,14.22,13.33,14.04,18.16,18.47,17.4,18.02,13.14,22.3,10.43,11.52
04/01/2024,13.93,14.2,13.64,14.13,18.23,18.25,17.47,17.89,12.97,25.58,9.72,14.76
05/01/2024,14.24,14.58,13.29,13.35,17.51,17.53,17,17.13,12.48,22.78,9.48,11.76
08/01/2024,14,14.18,13.02,13.08,17.6,17.71,16.81,16.86,12.7,21.21,11.12,11.79
09/01/2024,13.2,13.45,12.74,12.76,17.17,17.23,16.52,16.55,12.45,21.36,10.09,11.79
10/01/2024,12.86,12.95,12.67,12.69,16.65,16.68,16.32,16.6,11.86,20.07,10.57,11.53
11/01/2024,12.64,13.31,12.35,12.44,16.52,17.19,16.22,16.4,13.59,21.53,9.25,10.91
12/01/2024,12.66,13.08,12.47,12.7,16.62,16.93,16.14,16.54,11.18,20.85,11.18,19.09
16/01/2024,14.12,14.35,13.52,13.84,17.87,18.33,17.41,17.87,12.16,20.19,10.62,11.86
17/01/2024,14.59,15.4,14.38,14.79,18.93,19.41,18.21,18.7,13.07,24.05,11.59,12.13
18/01/2024,14.85,14.89,13.89,14.13,18.22,18.44,17.56,17.95,12.64,25.46,11.74,11.78
19/01/2024,13.8,14.58,13.28,13.3,17.82,18.01,17.18,17.4,12.15,25.85,11.39,11.39
22/01/2024,13.77,13.84,13.17,13.19,18.05,18.13,16.98,17.2,13.48,24.57,11.81,11.98
23/01/2024,13.2,13.29,12.53,12.55,17.27,17.37,16.23,16.55,11.92,23.82,10.84,11.01
24/01/2024,12.66,13.18,12.41,13.14,16.39,17,16.09,16.96,11.38,25.44,10.99,11.29
25/01/2024,13.18,13.58,13.06,13.45,17.11,17.42,15.86,17.26,12.09,23.66,10.96,11.27
26/01/2024,13.73,14.1,13.2,13.26,17.53,17.55,16.78,17.03,11.94,27.84,11.48,11.88
29/01/2024,13.98,15.35,13.59,13.6,17.73,17.74,17.16,17.39,12.34,26.8,11.82,12.17
30/01/2024,13.69,13.74,13.23,13.31,17.53,17.93,11.34,17.57,12.2,24.56,10.95,12.03
31/01/2024,13.42,14.61,13.18,14.35,17.58,18.41,17.39,18.25,12.1,28.09,12.08,12.61
01/02/2024,14.21,14.63,13.87,13.88,18.19,18.24,11.2,11.2,12.6,28.68,11.36,11.36
02/02/2024,13.95,14.23,13.39,13.85,17.67,17.8,17.11,17.22,12.46,23.98,11.07,12.06
05/02/2024,14.37,14.53,13.58,13.67,17.85,18.03,17.24,17.57,12.39,27.44,11.82,12.04
06/02/2024,13.57,13.78,12.98,13.06,17.61,17.87,17.04,17.31,11.92,27.32,10.86,11.87
07/02/2024,13.06,13.13,12.81,12.83,17.29,17.34,16.93,16.94,11.82,28.99,10.62,11.64
08/02/2024,12.95,13.17,12.74,12.79,17.29,17.3,11.83,16.96,11.74,28.67,11.43,11.51
09/02/2024,12.79,13.01,12.69,12.93,17.15,17.15,16.7,16.86,11.65,26.37,11.38,11.44
12/02/2024,13.48,13.94,13.34,13.93,17.59,18.97,17.46,18.09,11.44,11.44,11.44,11.44
13/02/2024,13.96,17.94,13.43,15.85,18.97,20.59,18.71,19.49,11.44,11.44,11.44,11.44
14/02/2024,15.38,15.47,14.22,14.38,18.84,19.13,18.1,18.26,11.44,11.44,11.44,11.44
15/02/2024,14.27,14.64,13.94,14.01,18.25,18.57,17.57,17.85,11.44,11.44,11.44,11.44
16/02/2024,13.94,14.71,13.75,14.24,18.19,18.64,17.9,18.6,11.44,11.44,11.44,11.44
20/02/2024,15.09,15.91,15.07,15.42,19.52,20.25,19.41,19.78,14.7,29.86,12.61,13.85
21/02/2024,15.54,16.12,15.22,15.34,20.15,20.21,19.53,19.6,15.01,28.91,11.23,13.54
22/02/2024,14.28,14.64,14.12,14.54,18.37,18.52,18.1,18.39,23.48,28.05,11.3,13.45
23/02/2024,14.31,14.31,13.64,13.75,18.27,18.41,17.7,17.7,12.46,26.37,9.88,11.62
26/02/2024,14.17,14.2,13.66,13.74,18.21,18.29,17.7,17.83,13.56,25.97,12.06,12.08
27/02/2024,13.63,13.75,13.41,13.43,17.85,18.01,17.24,17.58,12.93,27.75,11.69,11.69
28/02/2024,13.52,13.9,13.44,13.84,17.82,17.88,17.5,17.86,14.21,24.69,10.48,14.24
29/02/2024,14.14,14.15,13.3,13.4,17.48,17.8,16.13,17.21,15.65,26.99,9.28,11.73
01/03/2024,13.34,13.66,13.08,13.11,17.21,17.46,16.96,17.2,10.56,23.14,10.56,11.35
04/03/2024,13.49,13.58,13.32,13.49,17.62,17.64,17.32,17.6,15.74,24.38,10.16,11.77
05/03/2024,13.75,15.1,13.75,14.46,18.06,19.02,17.97,18.46,12.3,24.21,9.75,15.84
06/03/2024,14.27,14.93,13.89,14.5,17.99,18.72,17.98,18.54,11.92,24.49,8.67,14.94
07/03/2024,14.98,14.98,14.25,14.44,18.38,18.82,18.35,18.61,14.81,25.8,12.13,14.89
08/03/2024,14.22,15.53,13.97,14.74,18.39,19.64,18.23,19.04,12.13,25.85,9.59,12.34
11/03/2024,15.51,16.04,15.13,15.22,20.05,20.31,19.34,19.37,17.12,31.7,9.3,12.3
12/03/2024,14.97,15.2,13.81,13.84,18.9,19.18,7.12,18.13,13.29,28.71,5.82,11.99
13/03/2024,13.89,14.04,13.67,13.75,18.33,18.41,17.76,17.91,11.22,23.78,7.64,11.15
14/03/2024,13.62,15.33,13.42,14.4,17.93,18.94,17.93,18.61,10.85,25.45,9.03,11
15/03/2024,14.33,15.53,14.14,14.41,19.06,19.99,18.8,19.25,16.44,27.2,10.29,11.08
18/03/2024,14.75,14.85,14.26,14.33,19.64,19.85,19.23,19.4,12.23,22.95,9.91,11.62
19/03/2024,14.5,14.86,13.8,13.82,19.65,19.77,18.73,18.78,11.13,23.71,8.82,11.23
20/03/2024,13.83,14.17,13.01,13.04,19.1,19.16,15.36,17.55,11.57,24.42,9.96,10.81
21/03/2024,12.98,13.08,12.4,12.92,17.23,17.63,16.6,17.38,14.27,22.93,10.06,22.91
22/03/2024,12.92,13.15,12.58,13.06,17.47,17.48,16.85,17.04,12.39,23.55,10.54,10.91
25/03/2024,13.67,13.67,13.11,13.19,17.65,17.67,17.1,17.23,14.38,17.4,10.21,12.53
26/03/2024,13.12,13.43,12.84,13.24,17.33,17.33,16.78,17.1,11.55,27.23,10.33,11.29
27/03/2024,13.13,13.34,12.66,12.78,17,17.4,16.6,16.61,11.22,16.97,9.64,10.66
28/03/2024,12.93,13.1,12.84,13.01,16.79,16.89,16.49,16.66,11.28,21.46,10.52,11.17
01/04/2024,13.61,14.15,13.55,13.65,17.59,18.05,17.44,17.56,12,18.73,9.35,14.85
02/04/2024,13.74,15.43,13.68,14.61,18.49,18.98,18.06,18.18,12.93,21.12,10.19,12.57
03/04/2024,15,15.18,14.25,14.33,18.76,18.78,17.93,18.04,12.83,24.33,10.04,12.57
04/04/2024,14.29,16.92,13.74,16.35,17.74,20.1,17.62,19.95,12.49,24.67,10.83,13.4
05/04/2024,16.45,16.75,15.53,16.03,19.59,19.8,16.34,19.23,14.16,20.85,12.47,13.19
08/04/2024,16.24,16.5,15.11,15.19,19.45,19.76,18.77,18.77,15.71,22.5,8.8,13.84
09/04/2024,15.34,16.63,14.94,14.98,18.76,19.89,18.56,18.56,13.83,31.84,13.43,13.82
10/04/2024,15.24,16.62,14.59,15.8,19.25,19.5,17.24,18.99,14.23,16.32,13.64,14.53
11/04/2024,16.02,17.61,14.91,14.91,19.24,19.77,18.4,18.4,14.21,33.97,13.6,14.17
12/04/2024,14.91,19.2,14.91,17.31,19.78,21.63,19.34,20.39,21.68,21.99,14.86,15.93
15/04/2024,16.94,19.46,16.26,19.23,20.25,22.86,20.02,22.84,19.62,24.46,13.64,17.27
16/04/2024,19.49,19.56,17.64,18.4,22.89,23.21,21.39,22.01,16.95,36.88,10.97,16.09
17/04/2024,18.24,19.11,17.54,18.21,21.86,22.82,21.4,22.21,15.75,29.53,13.98,15.89
18/04/2024,17.91,18.37,17.21,18,21.73,22.36,20.89,21.64,15.6,16.79,14.76,15.45
19/04/2024,21.33,21.36,18.17,18.71,22.57,23.34,21.78,22.95,15.86,27.85,14.83,15.74
22/04/2024,18.59,18.72,16.69,16.94,22.24,22.33,20.9,21.11,15.35,29.01,14.24,14.45
23/04/2024,16.72,16.76,15.69,15.69,20.92,20.92,19.78,19.84,14.14,23.57,12.76,13.5
24/04/2024,15.76,16.38,15.58,15.97,20.27,20.66,20.07,20.43,13.55,22.23,13.17,13.62
25/04/2024,16.25,17.55,15.27,15.37,21.14,21.61,20.28,20.37,14.47,27.14,10.74,10.74
26/04/2024,15.49,16.06,14.92,15.03,19.95,20.01,19.19,19.33,13.19,32.32,11.68,13.01
29/04/2024,15.37,15.42,14.63,14.67,19.29,19.8,19.22,19.22,13.19,15.13,12.23,13.08
30/04/2024,14.82,15.9,14.67,15.65,19.46,20.23,18.43,18.43,13.23,16.75,12.99,13.56
01/05/2024,15.75,16.22,14.35,15.39,20.15,20.23,15.01,19.43,14.18,23.85,12.93,13.84
02/05/2024,15.14,16.09,14.6,14.68,19.27,20.01,18.63,18.73,13.49,32.41,12.37,12.8
03/05/2024,14.51,14.58,13.48,13.49,17.95,18.03,17.39,17.4,11.92,28.52,11.89,12.11
06/05/2024,13.98,14.02,13.44,13.49,17.85,17.89,17.4,17.42,12.24,13.2,11.02,12.19
07/05/2024,13.52,13.64,13.16,13.23,17.43,17.52,16.91,16.91,12.13,26.37,11.76,11.84
08/05/2024,13.24,13.51,12.94,13,17.28,17.29,16.69,16.8,12.55,18.89,10.84,11.76
09/05/2024,13.08,13.29,12.68,12.69,16.85,17,16.61,16.67,11.82,17.68,11.54,11.7
10/05/2024,12.77,12.96,12.5,12.55,16.8,16.88,16.38,16.46,11.68,12.67,11.29,11.66
13/05/2024,13.26,13.66,13.25,13.6,17.3,17.55,17.3,17.4,11.94,13.58,4.48,12.29
14/05/2024,13.71,14.03,13.27,13.42,17.57,17.64,16.96,17.29,11.79,19.79,5.89,12.21
15/05/2024,13.73,13.94,12.38,12.45,16.79,16.83,16.06,16.34,10.8,12.09,3.74,10.15
16/05/2024,12.52,12.67,12.33,12.42,16.33,16.44,15.9,16.26,10.23,16.56,5.35,10.17
17/05/2024,12.28,12.48,11.91,11.99,16.3,16.32,15.77,15.85,10.06,16.46,9.36,10.82
20/05/2024,12.27,12.59,12.07,12.15,16.27,16.32,15.92,15.92,10.34,21.39,8.31,9.64
21/05/2024,12.3,12.56,11.84,11.86,16.13,16.13,15.48,15.51,10.51,18.21,9.68,9.68
22/05/2024,12.05,12.81,11.78,12.29,15.87,16.69,15.21,16.4,9.82,17.83,8.43,8.67
23/05/2024,11.53,13.37,11.52,12.77,15.13,17.03,14.67,16.46,9.95,21.31,9.37,9.37
24/05/2024,12.86,12.89,11.89,11.93,16.22,16.28,15.48,15.66,10.99,18.88,10.41,10.9
28/05/2024,12.51,13.44,12.36,12.92,16.32,17.1,15.93,16.57,12.12,19.99,10.74,10.75
29/05/2024,13.75,14.32,13.69,14.28,17.61,17.81,16.86,17.49,12.45,28.33,12.35,12.81
30/05/2024,14.82,14.88,13.67,14.47,17.51,18.06,16.59,17.77,12.92,29.49,12.19,13.1
31/05/2024,14.5,14.87,12.84,12.92,17.31,18.59,16.1,16.7,12.76,15.3,10.5,11.57
