date,Open,High,Low,Close,Adj Close,Volume
24/03/2020,669.76001,763.840027,632,754.400024,754.400024,2277063
25/03/2020,770.880005,842.719971,762.719971,814.400024,814.400024,1584838
26/03/2020,786.400024,795.359985,729.76001,729.919983,729.919983,1952338
27/03/2020,805.440002,811.52002,774.559998,809.599976,809.599976,1464306
30/03/2020,808.320007,830.400024,777.280029,778.080017,778.080017,1998769
31/03/2020,784,788.159973,726.719971,740,740,1969850
01/04/2020,790.719971,814.23999,752.960022,803.52002,803.52002,1190919
02/04/2020,793.280029,806.400024,755.280029,757.76001,757.76001,1345938
03/04/2020,752,765.599976,720,727.200012,727.200012,1670388
06/04/2020,673.76001,689.119995,664.320007,675.359985,675.359985,1238613
07/04/2020,654.559998,698.559998,652.47998,694.559998,694.559998,1752919
08/04/2020,685.440002,699.52002,670.719971,678.400024,678.400024,1305169
09/04/2020,674.080017,686.23999,662,665.119995,665.119995,1462963
13/04/2020,660.799988,678.880005,649.919983,651.359985,651.359985,926644
14/04/2020,614.400024,617.919983,592,598.559998,598.559998,1123656
15/04/2020,640,662.880005,629.200012,646.559998,646.559998,1302894
16/04/2020,653.440002,670.880005,645.280029,651.840027,651.840027,1166588
17/04/2020,624.960022,646.719971,620.960022,624.799988,624.799988,1122919
20/04/2020,658.719971,688,642.080017,685.440002,685.440002,1206069
21/04/2020,736.640015,770.400024,731.52002,742.719971,742.719971,1633325
22/04/2020,715.52002,729.280029,699.359985,707.039978,707.039978,1004394
23/04/2020,695.679993,718.080017,683.200012,704.960022,704.960022,1160331
24/04/2020,690.719971,700.799988,663.375977,664.320007,664.320007,922663
27/04/2020,647.359985,647.52002,606.559998,615.359985,615.359985,1443631
28/04/2020,593.599976,633.05603,591.359985,625.119995,625.119995,1418075
29/04/2020,589.76001,592.159973,573.599976,587.280029,587.280029,1262888
30/04/2020,599.840027,627.52002,599.039978,605.919983,605.919983,1066556
01/05/2020,657.599976,673.119995,644.960022,659.039978,659.039978,1291088
04/05/2020,681.280029,688,642.880005,644.159973,644.159973,844531
05/05/2020,619.200012,623.200012,600.960022,618.719971,618.719971,1114056
06/05/2020,607.679993,628.400024,603.312012,627.359985,627.359985,946581
07/05/2020,606.080017,609.52002,594.880005,599.52002,599.52002,1102625
08/05/2020,583.359985,587.679993,559.200012,559.200012,559.200012,1216975
11/05/2020,574.23999,575.599976,520,521.919983,521.919983,1183463
12/05/2020,506.048004,576,502.720001,574.400024,574.400024,1527025
13/05/2020,581.440002,658.559998,569.440002,634.400024,634.400024,2707944
14/05/2020,665.119995,685.76001,599.52002,599.52002,599.52002,2169494
15/05/2020,628,639.359985,585.599976,585.599976,585.599976,1577956
18/05/2020,545.599976,558.719971,540.960022,547.840027,547.840027,1580256
19/05/2020,550.880005,577.599976,538.719971,576.47998,576.47998,1439063
20/05/2020,549.76001,561.440002,539.200012,539.200012,539.200012,2027450
21/05/2020,541.119995,566.080017,533.599976,554.880005,554.880005,1520919
22/05/2020,558.400024,566.880005,547.200012,549.599976,549.599976,960081
26/05/2020,523.679993,545.679993,521.919983,541.280029,541.280029,1199650
27/05/2020,527.359985,565.599976,526.320007,530.400024,530.400024,1663819
28/05/2020,536.960022,556.736023,530.159973,551.679993,551.679993,1451344
29/05/2020,554.559998,564.640015,530.080017,530.080017,530.080017,2035763
01/06/2020,544.960022,547.039978,531.679993,534.719971,534.719971,967506
02/06/2020,531.52002,538.447998,519.359985,519.840027,519.840027,1424750
03/06/2020,510.079987,512.640015,495.040009,497.440002,497.440002,1551238
04/06/2020,500.640015,505.279999,478.880005,493.440002,493.440002,1812406
05/06/2020,463.359985,473.279999,461.279999,466.720001,466.720001,1729744
08/06/2020,464.320007,481.76001,463.359985,477.119995,477.119995,1036700
09/06/2020,491.040009,504.032013,487.359985,500.320007,500.320007,1497781
10/06/2020,504,513.599976,478.399994,498.079987,498.079987,1884719
11/06/2020,553.119995,676.799988,530.080017,665.76001,665.76001,6481044
12/06/2020,614.400024,720.47998,598.719971,619.359985,619.359985,4252625
15/06/2020,675.52002,697.919983,597.919983,603.52002,603.52002,2510706
16/06/2020,564.47998,624.192017,559.840027,589.919983,589.919983,3340100
17/06/2020,585.280029,608.320007,582.400024,591.679993,591.679993,2129900
18/06/2020,600.640015,606.880005,580.47998,580.960022,580.960022,1625463
19/06/2020,567.039978,610.080017,562.400024,590.23999,590.23999,2692825
22/06/2020,594.400024,602.23999,559.679993,561.440002,561.440002,2138988
23/06/2020,536.320007,555.359985,534.687988,551.200012,551.200012,1880356
24/06/2020,571.200012,613.440002,555.039978,587.52002,587.52002,4023200
25/06/2020,597.280029,610.080017,564,566.23999,566.23999,2239688
26/06/2020,567.200012,606.880005,565.119995,600,600,2793481
29/06/2020,590.080017,609.567993,569.919983,570.880005,570.880005,1560431
30/06/2020,575.935974,577.583984,537.599976,543.200012,543.200012,1684600
01/07/2020,533.919983,542.559998,522.559998,526.23999,526.23999,1551381
02/07/2020,504.799988,521.280029,496.480011,517.119995,517.119995,1745994
06/07/2020,500.320007,522.47998,499.040009,516.47998,516.47998,1475356
07/07/2020,520.799988,536,506.640015,534.23999,534.23999,1538975
08/07/2020,526.23999,543.359985,519.359985,520.799988,520.799988,1547669
09/07/2020,521.440002,552.159973,517.280029,528.960022,528.960022,2018744
10/07/2020,532.47998,543.64801,514.080017,514.400024,514.400024,1430175
13/07/2020,508.959991,566.23999,507.679993,563.840027,563.840027,2155869
14/07/2020,564.320007,576.159973,529.919983,531.359985,531.359985,2882713
15/07/2020,515.52002,538.880005,514.080017,516.159973,516.159973,1784044
16/07/2020,529.119995,529.119995,505.600006,508.160004,508.160004,1721925
17/07/2020,502.880005,507.679993,489.119995,489.920013,489.920013,1196850
20/07/2020,483.519989,486.23999,459.679993,467.679993,467.679993,1679463
21/07/2020,456,477.600006,450.399994,471.839996,471.839996,2246688
22/07/2020,474.399994,481.455994,466.079987,466.559998,466.559998,1408106
23/07/2020,462.399994,490.880005,459.200012,481.119995,481.119995,2197794
24/07/2020,496.320007,503.279999,482.23999,482.720001,482.720001,2062069
27/07/2020,476.640015,482.959991,468.320007,469.440002,469.440002,1303375
28/07/2020,469.279999,473.279999,451.679993,466.720001,466.720001,1603869
29/07/2020,460.320007,465.440002,454.720001,457.119995,457.119995,1309144
30/07/2020,477.76001,500.320007,464,467.200012,467.200012,2032656
31/07/2020,454.720001,478.880005,454.079987,456.320007,456.320007,1921563
03/08/2020,452.959991,460.127991,449.76001,455.359985,455.359985,1252844
04/08/2020,453.76001,453.76001,440.480011,441.920013,441.920013,1231081
05/08/2020,434.880005,441.279999,431.200012,432.640015,432.640015,1276300
06/08/2020,433.76001,437.279999,426.399994,427.839996,427.839996,1352350
07/08/2020,432.959991,434.23999,420.320007,424.480011,424.480011,1844819
10/08/2020,418.23999,424.799988,410.559998,412,412,1610188
11/08/2020,402.399994,434.23999,400.480011,431.200012,431.200012,2256981
12/08/2020,414.880005,416.480011,405.040009,408.480011,408.480011,1771175
13/08/2020,410.720001,413.600006,398.399994,408.160004,408.160004,1782338
14/08/2020,411.679993,415.040009,404.959991,407.040009,407.040009,1690938
17/08/2020,398.23999,401.600006,390.720001,393.440002,393.440002,1225325
18/08/2020,390.079987,398.880005,385.600006,389.279999,389.279999,1383706
19/08/2020,386.079987,399.040009,383.200012,396.320007,396.320007,2226538
20/08/2020,411.839996,413.440002,390.399994,392,392,2215138
21/08/2020,399.040009,400.640015,391.76001,394.079987,394.079987,1607350
24/08/2020,383.200012,396.559998,382.079987,392.320007,392.320007,1720825
25/08/2020,393.600006,405.200012,387.679993,390.23999,390.23999,1640181
26/08/2020,387.839996,401.440002,378.23999,398.880005,398.880005,1854569
27/08/2020,395.040009,443.200012,390.880005,411.519989,411.519989,3365988
28/08/2020,416.320007,433.76001,402.559998,409.279999,409.279999,2177606
31/08/2020,420.799988,433.440002,410.880005,429.600006,429.600006,2271050
01/09/2020,429.600006,439.359985,426.23999,436.320007,436.320007,1804813
02/09/2020,435.839996,451.679993,434.079987,447.040009,447.040009,2533044
03/09/2020,453.119995,524.159973,436.864014,507.359985,507.359985,7439400
04/09/2020,494.559998,545.280029,456.640015,462.720001,462.720001,6930806
08/09/2020,499.839996,504,450.559998,452.480011,452.480011,3994919
09/09/2020,440.976013,445.600006,421.600006,429.279999,429.279999,2369744
10/09/2020,425.440002,444.480011,421.76001,434.079987,434.079987,2450350
11/09/2020,422.23999,434.880005,407.839996,408.320007,408.320007,2661481
14/09/2020,402.720001,407.200012,395.359985,401.119995,401.119995,1893031
15/09/2020,397.119995,407.839996,395.040009,400.480011,400.480011,1594019
16/09/2020,397.920013,400,388.399994,399.359985,399.359985,1858906
17/09/2020,411.679993,412.959991,388.480011,390.23999,390.23999,1944188
18/09/2020,387.359985,399.679993,378.720001,389.920013,389.920013,2163606
21/09/2020,406.399994,426.399994,400.720001,402.559998,402.559998,2492825
22/09/2020,401.920013,416.640015,401.76001,405.76001,405.76001,1455925
23/09/2020,404.320007,427.519989,402.399994,427.200012,427.200012,1831206
24/09/2020,427.679993,432,411.839996,419.040009,419.040009,1713775
25/09/2020,419.519989,422.720001,406.079987,408.640015,408.640015,1477013
28/09/2020,405.279999,410.399994,404.160004,405.76001,405.76001,1141331
29/09/2020,407.519989,408,392.880005,399.040009,399.040009,1413988
30/09/2020,393.76001,402.880005,388.640015,398.399994,398.399994,1607963
01/10/2020,393.76001,406.399994,393.76001,400.160004,400.160004,1509406
02/10/2020,420.959991,422.079987,404.640015,412.480011,412.480011,1870900
05/10/2020,408.480011,412.799988,396.399994,399.519989,399.519989,1302938
06/10/2020,396.160004,408.640015,388.671997,405.119995,405.119995,2175400
07/10/2020,397.279999,398.880005,388.959991,391.839996,391.839996,1215575
08/10/2020,387.359985,389.600006,375.359985,376.160004,376.160004,1577438
09/10/2020,364.959991,365.119995,356.480011,356.640015,356.640015,1820881
12/10/2020,350.399994,356.640015,348.480011,349.600006,349.600006,1953563
13/10/2020,353.600006,361.440002,351.359985,354.399994,354.399994,1462206
14/10/2020,351.200012,356.160004,345.279999,350.720001,350.720001,1848431
15/10/2020,366.559998,369.600006,352.640015,353.76001,353.76001,2037913
16/10/2020,353.279999,356.320007,347.839996,356.320007,356.320007,1464956
19/10/2020,354.399994,374.079987,353.76001,371.839996,371.839996,1737863
20/10/2020,369.279999,373.76001,365.920013,371.679993,371.679993,1859481
21/10/2020,369.600006,374.559998,360.511993,362.880005,362.880005,1698388
22/10/2020,362.23999,365.440002,351.040009,354.399994,354.399994,1417169
23/10/2020,352.959991,362.559998,352.320007,354.720001,354.720001,1182825
26/10/2020,363.200012,393.119995,359.519989,386.720001,386.720001,3180794
27/10/2020,386.687988,395.040009,380,388.320007,388.320007,2131538
28/10/2020,417.600006,444.287994,412.320007,443.679993,443.679993,4822019
29/10/2020,434.720001,443.359985,399.040009,412,412,2937606
30/10/2020,418.880005,432.160004,412.320007,424.480011,424.480011,2501394
02/11/2020,405.279999,420.799988,404,415.040009,415.040009,2595831
03/11/2020,402.399994,404.959991,387.040009,392.160004,392.160004,2434106
04/11/2020,376,376.959991,355.200012,357.600006,357.600006,4075475
05/11/2020,346.23999,355.679993,343.040009,351.679993,351.679993,2282281
06/11/2020,348.799988,349.119995,328.160004,328.320007,328.320007,2662863
09/11/2020,305.279999,321.76001,291.519989,321.119995,321.119995,3745644
10/11/2020,313.119995,324.799988,310.720001,311.519989,311.519989,2123269
11/11/2020,306.399994,310.399994,298.079987,303.839996,303.839996,2054319
12/11/2020,308.447998,332,305.119995,325.279999,325.279999,4179419
13/11/2020,314.399994,314.720001,300,305.279999,305.279999,2365750
16/11/2020,297.76001,308.799988,296.640015,296.640015,296.640015,2027481
17/11/2020,303.839996,305.600006,292.160004,292.799988,292.799988,2044569
18/11/2020,289.76001,304,286.720001,301.440002,301.440002,2279906
19/11/2020,300.640015,305.119995,293.279999,298.23999,298.23999,1781925
20/11/2020,297.920013,298.880005,291.839996,297.600006,297.600006,1811019
23/11/2020,293.600006,299.600006,288.640015,293.76001,293.76001,2038181
24/11/2020,287.679993,293.839996,287.040009,288.799988,288.799988,2112606
25/11/2020,289.119995,292.959991,277.76001,278.23999,278.23999,1558788
27/11/2020,276,282.208008,273.600006,280.160004,280.160004,1030913
30/11/2020,281.119995,290.720001,274.399994,274.880005,274.880005,1777700
01/12/2020,272.160004,278.720001,270.399994,277.600006,277.600006,2372938
02/12/2020,278.079987,278.079987,270.23999,276.160004,276.160004,1913244
03/12/2020,272.799988,281.040009,272,278.720001,278.720001,2149206
04/12/2020,275.359985,275.519989,271.200012,273.76001,273.76001,2164100
07/12/2020,276.640015,278.160004,273.920013,275.359985,275.359985,1872463
08/12/2020,277.119995,277.519989,265.440002,265.440002,265.440002,1864369
09/12/2020,262.559998,277.600006,260.480011,275.200012,275.200012,4191406
10/12/2020,277.440002,279.519989,270.160004,277.76001,277.76001,2887719
11/12/2020,284.640015,295.679993,280.320007,288,288,3514538
14/12/2020,278.720001,295.679993,276.160004,294.559998,294.559998,2462106
15/12/2020,287.839996,291.200012,280.640015,280.959991,280.959991,2648025
16/12/2020,280.320007,283.359985,271.519989,271.839996,271.839996,2605444
17/12/2020,272.320007,273.920013,265.920013,268,268,2450256
18/12/2020,270.079987,281.119995,269.920013,273.279999,273.279999,3244769
21/12/2020,300.480011,311.519989,288.959991,295.040009,295.040009,5579419
22/12/2020,291.679993,295.679993,288.160004,289.76001,289.76001,2256925
23/12/2020,283.519989,284.23999,272.959991,278.079987,278.079987,2065569
24/12/2020,274.079987,274.23999,270,270.079987,270.079987,877356
28/12/2020,266.079987,269.440002,264.959991,269.119995,269.119995,1255938
29/12/2020,265.279999,284.160004,264.959991,278.880005,278.880005,2271994
30/12/2020,277.600006,278.880005,267.839996,268.799988,268.799988,1723275
31/12/2020,268.480011,273.119995,263.359985,268.640015,268.640015,1834294
04/01/2021,268.320007,300.799988,268,292,292,4422488
05/01/2021,299.040009,299.359985,279.76001,282.23999,282.23999,2913144
06/01/2021,279.519989,288,264.640015,280.799988,280.799988,4641500
07/01/2021,268.799988,269.920013,264,264,264,2441769
08/01/2021,262.399994,271.040009,259.696014,261.600006,261.600006,2776469
11/01/2021,271.200012,278.399994,267.040009,277.440002,277.440002,2580219
12/01/2021,271.200012,279.200012,267.200012,268,268,2102006
13/01/2021,267.839996,269.76001,261.440002,263.839996,263.839996,1829969
14/01/2021,261.600006,268.320007,258.23999,266.880005,266.880005,2354425
15/01/2021,270.880005,280,266.880005,273.76001,273.76001,3609206
19/01/2021,267.040009,270.880005,264.480011,266.079987,266.079987,2708738
20/01/2021,262.559998,266.399994,259.519989,260.959991,260.959991,2182069
21/01/2021,261.119995,265.279999,258.399994,258.880005,258.880005,2674663
22/01/2021,265.279999,266.799988,259.200012,262.399994,262.399994,2685119
25/01/2021,264.799988,284.399994,263.040009,272.959991,272.959991,4629638
26/01/2021,268.160004,275.200012,256.799988,275.200012,275.200012,3041119
27/01/2021,282.720001,328.959991,282.23999,324,324,7774538
28/01/2021,310.079987,324.480011,301.119995,316.640015,316.640015,4793569
29/01/2021,324.640015,348.160004,307.040009,337.279999,337.279999,7696719
01/02/2021,321.440002,340.640015,313.679993,318.079987,318.079987,4070625
02/02/2021,302.559998,303.359985,288,291.040009,291.040009,2649044
03/02/2021,284.640015,288.959991,275.519989,276,276,2341869
04/02/2021,270.079987,270.720001,264,264,264,1907975
05/02/2021,262.720001,268.959991,262.559998,263.519989,263.519989,2167269
08/02/2021,262.079987,266.079987,261.279999,261.279999,261.279999,1630169
09/02/2021,264.959991,266.720001,259.040009,262.399994,262.399994,2141331
10/02/2021,260.640015,274.399994,260.160004,266.720001,266.720001,4184719
11/02/2021,263.359985,272.640015,260.160004,260.480011,260.480011,3077975
12/02/2021,262.880005,262.880005,251.360001,251.839996,251.839996,3069425
16/02/2021,252.960007,257.440002,249.600006,254.559998,254.559998,3348856
17/02/2021,258.559998,262.880005,248.479996,249.279999,249.279999,3449888
18/02/2021,256.320007,259.519989,248,250.559998,250.559998,3429313
19/02/2021,248.320007,249.039993,238.720001,241.600006,241.600006,3893581
22/02/2021,249.600006,251.839996,242.399994,251.679993,251.679993,3446550
23/02/2021,253.119995,265.600006,240.960007,241.279999,241.279999,5830263
24/02/2021,247.679993,250.240005,231.039993,231.679993,231.679993,3730869
25/02/2021,236.800003,275.200012,232.800003,268.640015,268.640015,9725963
26/02/2021,257.29599,276.640015,250.399994,256.480011,256.480011,7584081
01/03/2021,241.279999,241.279999,234.399994,237.440002,237.440002,3362850
02/03/2021,237.919998,240.783997,234.559998,239.520004,239.520004,3114219
03/03/2021,237.759995,250.399994,235.679993,249.759995,249.759995,6383388
04/03/2021,246.880005,271.376007,241.279999,260.320007,260.320007,7660713
05/03/2021,250.399994,267.839996,241.119995,241.919998,241.919998,6492325
08/03/2021,242.399994,248.320007,237.279999,246.240005,246.240005,4373175
09/03/2021,239.360001,240.479996,233.440002,236.320007,236.320007,3304388
10/03/2021,229.919998,235.119995,229.919998,233.279999,233.279999,2853350
11/03/2021,229.600006,230.080002,225.919998,227.520004,227.520004,2671344
12/03/2021,231.679993,232.479996,223.199997,223.199997,223.199997,2963006
15/03/2021,222.559998,224.240005,209.759995,210.559998,210.559998,3142838
16/03/2021,210.240005,210.880005,204.320007,210.559998,210.559998,3201675
17/03/2021,212.800003,214,201.119995,201.440002,201.440002,4105894
18/03/2021,205.759995,214.559998,201.600006,212.639999,212.639999,3901494
19/03/2021,211.360001,216.960007,203.199997,204.320007,204.320007,3589813
22/03/2021,201.919998,203.039993,189.600006,191.039993,191.039993,3014156
23/03/2021,192.479996,203.600006,191.679993,200,200,3837363
24/03/2021,195.839996,201.919998,191.839996,201.759995,201.759995,2992881
25/03/2021,203.039993,212.800003,194.559998,195.679993,195.679993,4667500
26/03/2021,192.160004,199.839996,185.600006,187.839996,187.839996,4935288
29/03/2021,192.160004,197.919998,190.240005,192.160004,192.160004,3962838
30/03/2021,192.160004,194.399994,183.679993,183.839996,183.839996,2954756
31/03/2021,182.080002,186.399994,179.039993,182.399994,182.399994,3671131
01/04/2021,180,181.119995,175.520004,176.800003,176.800003,2998706
05/04/2021,171.360001,174.320007,170.720001,172.320007,172.320007,3300363
06/04/2021,172.160004,173.520004,169.279999,172.320007,172.320007,2783075
07/04/2021,172.320007,172.880005,167.039993,167.839996,167.839996,2512900
08/04/2021,165.440002,167.039993,163.679993,165.279999,165.279999,2666006
09/04/2021,166.720001,167.759995,162.240005,164.960007,164.960007,2995350
12/04/2021,166.240005,169.440002,162.559998,162.559998,162.559998,2606888
13/04/2021,162.720001,163.360001,160,161.440002,161.440002,3041019
14/04/2021,162.080002,165.919998,160.639999,164.960007,164.960007,3731738
15/04/2021,160.960007,161.759995,158.559998,159.520004,159.520004,3322344
16/04/2021,159.360001,160.639999,155.679993,156.960007,156.960007,3087688
19/04/2021,158.240005,167.199997,157.600006,162.720001,162.720001,5177069
20/04/2021,164.800003,171.839996,163.360001,166.399994,166.399994,5416644
21/04/2021,167.199997,169.279999,156.639999,157.440002,157.440002,3393438
22/04/2021,157.279999,170.240005,156.320007,167.199997,167.199997,7010575
23/04/2021,165.479996,166.320007,157.119995,160.679993,160.679993,7803725
26/04/2021,159.080002,161.712006,158.528,159.279999,159.279999,2882600
27/04/2021,158.360001,160.960007,155.360001,156.039993,156.039993,3465575
28/04/2021,155.360001,157.559998,153.960007,155.479996,155.479996,3589250
29/04/2021,152.600006,160.679993,152,154.279999,154.279999,5418950
30/04/2021,157.639999,162.119995,155.720001,160.639999,160.639999,4872550
03/05/2021,156.800003,158.479996,154.800003,155,155,3877150
04/05/2021,159,169.559998,157.839996,160.839996,160.839996,8878825
05/05/2021,158,161.699997,153.919998,156.759995,156.759995,5085800
06/05/2021,157.199997,163.520004,155.300003,155.800003,155.800003,5521450
07/05/2021,155.679993,156.119995,146.300003,146.960007,146.960007,4607775
10/05/2021,146.720001,153.600006,144.160004,153.399994,153.399994,6152600
11/05/2021,162.119995,168.600006,157.199997,164.839996,164.839996,10086275
12/05/2021,171.119995,199.800003,170.639999,193.580002,193.580002,18045175
13/05/2021,182.720001,182.839996,169.759995,175,175,10814350
14/05/2021,165.880005,166,152.880005,154.419998,154.419998,5654600
17/05/2021,157.479996,165.639999,154.600006,159.479996,159.479996,8461725
18/05/2021,157.520004,162.440002,153.679993,161.800003,161.800003,7064475
19/05/2021,172.440002,185.279999,168.220001,169.399994,169.399994,16203450
20/05/2021,164.720001,167.039993,158.399994,159.960007,159.960007,7389175
21/05/2021,157.320007,160.080002,155.399994,157.919998,157.919998,6166750
24/05/2021,154.679993,154.919998,149.199997,150.919998,150.919998,3915150
25/05/2021,149.880005,153.399994,149.5,150.800003,150.800003,4695475
26/05/2021,148.559998,149.080002,143,143.600006,143.600006,5720150
27/05/2021,142,142.080002,135.720001,136.639999,136.639999,4728550
28/05/2021,135.279999,139,134.639999,138.800003,138.800003,4231225
01/06/2021,135.399994,142.279999,134.720001,142.119995,142.119995,4807350
02/06/2021,140.479996,141.800003,136.440002,138.440002,138.440002,4983100
03/06/2021,142.703995,144.720001,138.888,141,141,6178400
04/06/2021,136.520004,136.520004,133,133.559998,133.559998,4945600
07/06/2021,133.440002,134.800003,130.880005,131.160004,131.160004,3534325
08/06/2021,130.399994,135.520004,130.080002,132.559998,132.559998,5134325
09/06/2021,131.240005,135.639999,131.039993,134.720001,134.720001,4031400
10/06/2021,131.160004,131.919998,126.559998,126.919998,126.919998,6081275
11/06/2021,124.239998,124.639999,122.32,123.279999,123.279999,4961775
14/06/2021,122.919998,126.760002,122.519997,124.440002,124.440002,5070150
15/06/2021,125,128.119995,124.400002,127.160004,127.160004,5381550
16/06/2021,125.480003,131.716003,123.239998,128.279999,128.279999,12300525
17/06/2021,128.639999,130.339996,123.099998,127.559998,127.559998,7794750
18/06/2021,133.559998,139.520004,130,138.759995,138.759995,12573500
21/06/2021,133.800003,137.919998,128.160004,130.160004,130.160004,5777475
22/06/2021,130.960007,131.639999,123.440002,123.480003,123.480003,4626225
23/06/2021,121.879997,122.480003,119.879997,121.160004,121.160004,3760100
24/06/2021,118.080002,119.519997,117.68,118.800003,118.800003,3571275
25/06/2021,118.239998,119.599998,116.599998,116.599998,116.599998,3982300
28/06/2021,115.919998,118.519997,115.360001,116.599998,116.599998,4262475
29/06/2021,115.959999,119.360001,115.519997,119.080002,119.080002,3557325
30/06/2021,119.959999,120.720001,116.720001,117.839996,117.839996,4773975
01/07/2021,116.599998,117.671997,115.608002,115.919998,115.919998,4486200
02/07/2021,113.080002,116.419998,112.279999,115.639999,115.639999,6788925
06/07/2021,114.639999,121.800003,114.519997,118.279999,118.279999,6329825
07/07/2021,117,122.519997,116.760002,118.519997,118.519997,4898975
08/07/2021,128.960007,129.880005,124.120003,126.199997,126.199997,9232175
09/07/2021,122.360001,123.160004,117.120003,117.720001,117.720001,5836575
12/07/2021,118.040001,118.639999,116.120003,116.959999,116.959999,3514175
13/07/2021,117,118.800003,114.440002,118.360001,118.360001,5509125
14/07/2021,115.559998,119.839996,114.599998,115.639999,115.639999,6751200
15/07/2021,118.720001,120.080002,116.559998,117.32,117.32,8201825
16/07/2021,114.760002,122.480003,114.040001,122.199997,122.199997,6670325
19/07/2021,129.240005,148.160004,128,139.639999,139.639999,19782075
20/07/2021,138.559998,140.919998,126.120003,127.879997,127.879997,8853875
21/07/2021,124.959999,125.440002,119.480003,119.760002,119.760002,6084175
22/07/2021,120.480003,123.760002,118.800003,121.879997,121.879997,6151400
23/07/2021,119.279999,121.760002,118.959999,121.32,121.32,5805200
26/07/2021,122.760002,124.239998,119.400002,119.400002,119.400002,5173450
27/07/2021,122.040001,129.720001,122.040001,123.440002,123.440002,9950300
28/07/2021,122.160004,125.68,118.160004,119.959999,119.959999,7561050
29/07/2021,119.400002,119.400002,117.139999,117.959999,117.959999,3929375
30/07/2021,122.199997,122.400002,118.080002,120.839996,120.839996,5472975
02/08/2021,119.519997,126.160004,119,125.519997,125.519997,5700000
03/08/2021,123.519997,126.839996,119.199997,119.239998,119.239998,7242450
04/08/2021,121.480003,121.959999,117.919998,119.080002,119.080002,4371875
05/08/2021,118,118.160004,116.040001,116.199997,116.199997,4545250
06/08/2021,115.040001,115.779999,113.040001,113.199997,113.199997,4756600
09/08/2021,112.919998,114.199997,111.080002,112.040001,112.040001,5207300
10/08/2021,110.519997,111.720001,108.919998,110.120003,110.120003,4374900
11/08/2021,109.239998,110.120003,106.639999,107.120003,107.120003,4928625
12/08/2021,107.839996,108.199997,103.760002,104.959999,104.959999,4597025
13/08/2021,103.480003,105.559998,103.019997,105.120003,105.120003,4242600
16/08/2021,107.720001,109.919998,105.279999,105.279999,105.279999,8117550
17/08/2021,108.68,114.239998,107.080002,108.800003,108.800003,13000150
18/08/2021,110.32,117.260002,108.720001,116.279999,116.279999,9541875
19/08/2021,121.639999,123.599998,115.720001,120.059998,120.059998,18487700
20/08/2021,118.239998,118.839996,110.120003,111.040001,111.040001,8564075
23/08/2021,107.959999,107.984001,105.440002,107.239998,107.239998,5938900
24/08/2021,106.720001,107.699997,106.120003,106.839996,106.839996,4215200
25/08/2021,106.480003,107.040001,104.160004,104.519997,104.519997,3682875
26/08/2021,106,110.32,105.080002,109,109,8983950
27/08/2021,107.360001,107.400002,102.599998,103.400002,103.400002,6668825
30/08/2021,102.160004,103.559998,101.68,102.360001,102.360001,4727975
31/08/2021,103,103.879997,101.779999,101.959999,101.959999,3987550
01/09/2021,101.32,102.199997,98.599998,99.279999,99.279999,4803600
02/09/2021,98.279999,101.040001,98.040001,99.080002,99.080002,6113950
03/09/2021,100.800003,101.720001,98.919998,99.760002,99.760002,6829725
07/09/2021,100.480003,103.164001,100.360001,102.199997,102.199997,5852250
08/09/2021,104.160004,105.800003,101.760002,102.040001,102.040001,7073450
09/09/2021,102.879997,104.68,99.839996,104.199997,104.199997,7308400
10/09/2021,100.599998,108.879997,99.68,108.239998,108.239998,9274625
13/09/2021,103.559998,109.239998,103.040001,104.360001,104.360001,11396225
14/09/2021,102.800003,107.599998,102.040001,105.839996,105.839996,10478350
15/09/2021,103.879997,106.160004,100.959999,101.720001,101.720001,8357100
16/09/2021,102.32,104.720001,99.620003,100.720001,100.720001,9117775
17/09/2021,101.199997,107.599998,100.519997,107.239998,107.239998,11387575
20/09/2021,115.68,129.639999,113,118.959999,118.959999,25463700
21/09/2021,115.599998,121.519997,112.839996,115.440002,115.440002,13517900
22/09/2021,111.68,113.239998,105.959999,108.279999,108.279999,13750950
23/09/2021,104.800003,104.996002,101.019997,101.440002,101.440002,11772700
24/09/2021,103.919998,104.120003,98.120003,98.32,98.32,8554375
27/09/2021,98.959999,100.199997,97.480003,99.279999,99.279999,6510975
28/09/2021,103.480003,111.919998,102.519997,109.639999,109.639999,19048500
29/09/2021,108.959999,112.160004,107.639999,111.239998,111.239998,11399550
30/09/2021,108.279999,113.300003,105.760002,111.32,111.32,14864825
01/10/2021,108.919998,112.760002,104.599998,107.279999,107.279999,10532375
04/10/2021,107.400002,114,106.440002,110.279999,110.279999,14191725
05/10/2021,109.360001,110.199997,104.160004,106.199997,106.199997,8198850
06/10/2021,108.760002,113.120003,104.599998,104.839996,104.839996,13132475
07/10/2021,103.080002,103.080002,100.720001,101.040001,101.040001,6767475
08/10/2021,99.800003,100.760002,98.400002,99.160004,99.160004,8172625
11/10/2021,100,100.559998,96.599998,100.480003,100.480003,6703250
12/10/2021,98.879997,100.760002,97.360001,98.440002,98.440002,6179500
13/10/2021,97.919998,100.040001,96.279999,96.559998,96.559998,9634350
14/10/2021,93.440002,93.959999,91.160004,91.239998,91.239998,8487725
15/10/2021,90.440002,91.760002,88.720001,91.160004,91.160004,7353150
18/10/2021,92.599998,92.839996,89.32,89.480003,89.480003,5286975
19/10/2021,88.879997,89.68,88,88.599998,88.599998,6271225
20/10/2021,88.800003,89.040001,87.32,87.800003,87.800003,6411950
21/10/2021,88.360001,88.779999,84.760002,84.879997,84.879997,6475625
22/10/2021,85.199997,88.800003,84.239998,86.800003,86.800003,9104650
25/10/2021,86,87.639999,84.120003,84.239998,84.239998,7131525
26/10/2021,83.32,87.739998,83.160004,85.879997,85.879997,7799425
27/10/2021,85.519997,88.160004,83.559998,87.800003,87.800003,8536825
28/10/2021,86.279999,86.68,84.767998,85.080002,85.080002,5138100
29/10/2021,87.199997,87.440002,85.040001,85.760002,85.760002,6656625
01/11/2021,84.959999,87.599998,84.220001,84.400002,84.400002,5460075
02/11/2021,84.160004,84.239998,82.080002,82.120003,82.120003,5168375
03/11/2021,82.360001,82.919998,78.559998,79.279999,79.279999,9936450
04/11/2021,78.400002,81.559998,77.879997,80.199997,80.199997,8197625
05/11/2021,79.599998,83.720001,79.279999,83.32,83.32,9099000
08/11/2021,82.040001,85,81.760002,83.440002,83.440002,6280550
09/11/2021,84.120003,86.919998,83.919998,84.839996,84.839996,9245975
10/11/2021,86.599998,88.440002,83.32,86.400002,86.400002,13443400
11/11/2021,84.400002,85.379997,82.720001,84.559998,84.559998,4599925
12/11/2021,83.040001,83.800003,81.120003,81.440002,81.440002,5537725
15/11/2021,80.440002,83.199997,80.400002,80.480003,80.480003,5079175
16/11/2021,81.080002,81.199997,79.440002,80.760002,80.760002,4850425
17/11/2021,80.519997,82.400002,79.959999,82.080002,82.080002,5825675
18/11/2021,81.199997,83.919998,80.879997,82.839996,82.839996,6227175
19/11/2021,83.239998,84.800003,82.040001,83.839996,83.839996,7879750
22/11/2021,82.040001,85.68,81.519997,85.32,85.32,9904425
23/11/2021,85.360001,87,82.879997,83.400002,83.400002,10539850
24/11/2021,85.400002,86.959999,81.68,82.199997,82.199997,8689650
26/11/2021,91.879997,105.760002,90.5,104.639999,104.639999,20737350
29/11/2021,92.639999,93.440002,86.540001,88.199997,88.199997,12413775
30/11/2021,93.959999,102.080002,92.120003,101.839996,101.839996,17837050
01/12/2021,94.519997,109.480003,91.019997,109.199997,109.199997,17502475
02/12/2021,105.879997,107.800003,100.68,102.879997,102.879997,14267500
03/12/2021,102,120.599998,101.199997,111.839996,111.839996,33158550
06/12/2021,107.879997,111.720001,102.559998,103.120003,103.120003,17819225
07/12/2021,97.120003,97.160004,90.400002,91.599998,91.599998,11034325
08/12/2021,90.800003,92.120003,86.080002,86.080002,86.080002,6318700
09/12/2021,86.360001,90.559998,84.959999,88.800003,88.800003,12339200
10/12/2021,84.559998,87.360001,82.919998,83.120003,83.120003,11572075
13/12/2021,83.919998,87.400002,83.720001,86.559998,86.559998,10548175
14/12/2021,89.400002,92.031998,86.919998,87.720001,87.720001,12793700
15/12/2021,88.519997,92.040001,81.400002,81.720001,81.720001,18155725
16/12/2021,80.239998,87.900002,79.839996,85.160004,85.160004,19876725
17/12/2021,88.440002,90.480003,84.480003,87.879997,87.879997,17411675
20/12/2021,96,99.480003,90.400002,91.120003,91.120003,18314825
21/12/2021,88.120003,90.239998,85.639999,86.639999,86.639999,9494300
22/12/2021,86.440002,86.440002,81.559998,81.639999,81.639999,7845900
23/12/2021,80.800003,81.120003,79.800003,80.720001,80.720001,7913775
27/12/2021,80.080002,81.160004,78.400002,78.800003,78.800003,6674075
28/12/2021,78.360001,79.199997,76.68,76.839996,76.839996,7688800
29/12/2021,76.720001,77.559998,74.199997,74.839996,74.839996,6247500
30/12/2021,74.440002,75.5,73.160004,74.839996,74.839996,5185450
31/12/2021,74.599998,75.440002,73.480003,74.120003,74.120003,5842550
03/01/2022,73.120003,74.599998,71.440002,71.599998,71.599998,9649275
04/01/2022,71.040001,73.68,70.839996,71.519997,71.519997,10344100
05/01/2022,72.080002,77.239998,70.400002,77.160004,77.160004,19565750
06/01/2022,77.480003,78.800003,75.220001,77.519997,77.519997,16318450
07/01/2022,77.279999,79.440002,74.919998,75.279999,75.279999,13077775
10/01/2022,78.160004,82.419998,73.639999,73.879997,73.879997,23094675
11/01/2022,74.879997,76.480003,71.080002,71.279999,71.279999,13137825
12/01/2022,70.360001,71.919998,69.18,70.519997,70.519997,10817550
13/01/2022,70.32,75.559998,69.599998,74.959999,74.959999,14777775
14/01/2022,77.480003,77.860001,73.18,73.800003,73.800003,21657550
18/01/2022,77,80.160004,76.839996,79.559998,79.559998,17259775
19/01/2022,77.879997,82.160004,77.5,81.440002,81.440002,17831425
20/01/2022,79.440002,85.559998,76.32,84.959999,84.959999,17680900
21/01/2022,86.400002,92.919998,84.599998,92.800003,92.800003,34178175
24/01/2022,100.040001,111.360001,93.084,94.879997,94.879997,46643200
25/01/2022,101.32,105.040001,92.599998,95.440002,95.440002,35576950
26/01/2022,91.199997,99.459999,87.040001,97.279999,97.279999,36361625
27/01/2022,92.400002,100.519997,90.540001,97.959999,97.959999,30184150
28/01/2022,95.959999,100.160004,91.32,91.800003,91.800003,25594175
31/01/2022,92.839996,93.599998,85.639999,85.639999,85.639999,15741400
01/02/2022,84.040001,86.480003,79.18,79.360001,79.360001,13384675
02/02/2022,78.839996,80.919998,77.199997,77.68,77.68,11101600
03/02/2022,82.559998,87.879997,80.379997,87.120003,87.120003,17545800
04/02/2022,86.080002,88.639999,81.199997,84,84,16289700
07/02/2022,82,82.959999,79.879997,81.68,81.68,11199525
08/02/2022,80.879997,82.348,77.639999,78,78,10447525
09/02/2022,75.760002,76.599998,74.839996,74.839996,74.839996,10768500
10/02/2022,78.919998,83.860001,75.120003,81.839996,81.839996,21540450
11/02/2022,81.879997,95.480003,81.18,92.959999,92.959999,29247225
14/02/2022,93.239998,99.199997,92.040001,93.239998,93.239998,25903900
15/02/2022,86.720001,88.879997,85.32,85.559998,85.559998,13919550
16/02/2022,86.800003,88.559998,81.839996,82.120003,82.120003,14336900
17/02/2022,86.839996,92.360001,86.480003,91.839996,91.839996,16798675
18/02/2022,92.720001,96.279999,91.199997,93.800003,93.800003,18968425
22/02/2022,95.160004,98.480003,91.519997,93.440002,93.440002,21719350
23/02/2022,90.919998,99.080002,90.599998,98.800003,98.800003,19033375
24/02/2022,109.599998,109.800003,95.080002,95.699997,95.699997,27663425
25/02/2022,94.879997,96.800003,90.480003,91.800003,91.800003,16288375
28/02/2022,98.800003,99.879997,94.199997,96,96,18544700
01/03/2022,98.599998,107.879997,97.279999,106.68,106.68,18153200
02/03/2022,105.239998,105.959999,98.800003,99.839996,99.839996,13340625
03/03/2022,98.720001,103.080002,97.360001,100.440002,100.440002,13061750
04/03/2022,105.959999,109.279999,104.099998,104.800003,104.800003,15381325
07/03/2022,105.199997,114.120003,105.040001,113.959999,113.959999,16745825
08/03/2022,113.040001,117.440002,106.720001,112.599998,112.599998,22166925
09/03/2022,106.779999,108.879997,104.800003,108.120003,108.120003,15780175
10/03/2022,109.599998,110.120003,103.239998,103.32,103.32,12261250
11/03/2022,100.120003,105.720001,99.959999,105.360001,105.360001,12779150
14/03/2022,104.839996,123,101.800003,115.239998,115.239998,16642675
15/03/2022,123.559998,166.600006,114.800003,114.800003,114.800003,13147300
16/03/2022,118.160004,118.68,103.559998,103.800003,103.800003,3911000
17/03/2022,105.599998,110.160004,103.199997,104.599998,104.599998,2161925
18/03/2022,109.519997,111.519997,98.559998,100,100,2429375
21/03/2022,99.160004,105.279999,95.559998,104.040001,104.040001,2419825
22/03/2022,102.160004,102.599998,97.919998,101.779999,101.779999,1222600
23/03/2022,103.599998,103.959999,97.919998,101.959999,101.959999,1233675
24/03/2022,100.080002,104.120003,99,100.800003,100.800003,897750
25/03/2022,100.199997,103.120003,99.760002,100.800003,100.800003,1120375
28/03/2022,102.879997,121.879997,101.599998,102.919998,102.919998,2725800
29/03/2022,100.400002,101.959999,96.879997,99.400002,99.400002,1293125
30/03/2022,101.120003,103.239998,99.120003,100,100,996600
31/03/2022,101.32,104.080002,100.839996,102.800003,102.800003,741600
01/04/2022,102.279999,103.559998,100,100.120003,100.120003,768375
04/04/2022,100.040001,101.120003,95.959999,97.720001,97.720001,910475
05/04/2022,98.400002,103.559998,96.683998,99.239998,99.239998,1125575
06/04/2022,104.040001,105.879997,97.400002,97.519997,97.519997,1186775
07/04/2022,98.720001,99.800003,96.040001,96.199997,96.199997,821300
08/04/2022,97.400002,100,94.860001,98.68,98.68,695350
11/04/2022,101.519997,104.400002,99,104.400002,104.400002,876225
12/04/2022,100.720001,105.480003,98.800003,102.959999,102.959999,1082425
13/04/2022,103,104.080002,98.120003,98.360001,98.360001,737925
14/04/2022,98.080002,100.279999,96.599998,99.959999,99.959999,733150
18/04/2022,100.599998,102.356003,99.360001,101.239998,101.239998,629575
19/04/2022,100.32,100.959999,97.839996,98.919998,98.919998,638450
20/04/2022,97.440002,100.68,97.239998,97.559998,97.559998,427200
21/04/2022,96.800003,100.879997,96.040001,99.440002,99.440002,657975
22/04/2022,99.480003,106,99.239998,104.599998,104.599998,1109100
25/04/2022,106.400002,107.879997,99.199997,99.199997,99.199997,1355650
26/04/2022,100.919998,108.639999,100.839996,105.400002,105.400002,1187425
27/04/2022,104.040001,109,102.040001,108.800003,108.800003,1517475
28/04/2022,103.599998,110.839996,102,104.160004,104.160004,1263725
29/04/2022,106.040001,112.599998,104.360001,110.839996,110.839996,1542950
02/05/2022,115.559998,117.120003,110,110,110,1318800
03/05/2022,108.559998,111.239998,107.080002,108.199997,108.199997,615425
04/05/2022,106.32,107.360001,99.400002,99.400002,99.400002,1175275
05/05/2022,100.239998,110.32,100.239998,108,108,1932075
06/05/2022,109.599998,113.839996,106.559998,108.279999,108.279999,1466275
09/05/2022,113.32,114.760002,109.279999,112.040001,112.040001,1118375
10/05/2022,107.199997,113.720001,106.199997,108.220001,108.220001,1137125
11/05/2022,108.599998,110.800003,104.120003,109.120003,109.120003,686025
12/05/2022,109.839996,112.760002,106.32,107.720001,107.720001,914775
13/05/2022,105.080002,105.919998,103.080002,103.879997,103.879997,793625
16/05/2022,104,104.760002,97.599998,98.760002,98.760002,1041625
17/05/2022,96.279999,102.959999,96.279999,99.160004,99.160004,899650
18/05/2022,101.199997,105.879997,98.080002,104.360001,104.360001,1308725
19/05/2022,105.160004,107.440002,101.120003,101.419998,101.419998,1101925
20/05/2022,99.599998,106,98.900002,100.199997,100.199997,1686775
23/05/2022,99.239998,102.519997,93.32,96.239998,96.239998,1466100
24/05/2022,97.599998,100,95.68,96.120003,96.120003,1254950
25/05/2022,97.599998,97.800003,92.400002,94.599998,94.599998,755125
26/05/2022,93.559998,93.68,91.559998,93.040001,93.040001,811975
27/05/2022,90.879997,91.480003,88.800003,89.839996,89.839996,820650
31/05/2022,91.199997,92.192001,88.800003,90.239998,90.239998,908150
01/06/2022,88.599998,92.800003,87.839996,89.040001,89.040001,789475
02/06/2022,89.559998,90.160004,86.800003,86.800003,86.800003,861025
03/06/2022,88.639999,90.683998,87.360001,87.559998,87.559998,808750
06/06/2022,86.440002,89.800003,86.059998,88.120003,88.120003,965175
07/06/2022,88.040001,89.360001,86.440002,86.68,86.68,720400
08/06/2022,87,87.839996,85.599998,87.199997,87.199997,568850
09/06/2022,87,93.360001,86.279999,92.519997,92.519997,1072325
10/06/2022,93.199997,96.400002,91.919998,93.32,93.32,1831375
13/06/2022,98.519997,105.160004,98.080002,103.360001,103.360001,1856200
14/06/2022,102.32,104.239998,100.080002,101.32,101.32,827875
15/06/2022,99.199997,100.199997,92.643997,95.879997,95.879997,1415500
16/06/2022,99.839996,104.360001,99.160004,101.599998,101.599998,1193775
17/06/2022,100.599998,102.360001,97.639999,98.639999,98.639999,791500
21/06/2022,95.400002,98,94.519997,98,98,826275
22/06/2022,99.400002,99.636002,94.120003,95.360001,95.360001,846800
23/06/2022,93.68,95.760002,91.519997,93.599998,93.599998,1923250
24/06/2022,92.360001,93,91.199997,92.480003,92.480003,2033225
27/06/2022,91.559998,92.68,90,90.400002,90.400002,592300
28/06/2022,89,92.239998,88.68,91.120003,91.120003,788250
29/06/2022,92,93.400002,90.379997,91.360001,91.360001,548575
30/06/2022,93,95.080002,91.120003,92.32,92.32,649600
01/07/2022,92.720001,94.160004,89.639999,90.160004,90.160004,562375
05/07/2022,92.559998,94.080002,90.080002,90.199997,90.199997,636200
06/07/2022,90.32,91.760002,88.639999,88.639999,88.639999,446800
07/07/2022,88.480003,89.32,87.080002,89.32,89.32,587150
08/07/2022,89.199997,89.199997,87.260002,87.959999,87.959999,481750
11/07/2022,88.919998,90.199997,87.720001,88.839996,88.839996,569050
12/07/2022,89.199997,90.879997,87.839996,89.919998,89.919998,523650
13/07/2022,91.440002,92.120003,88.639999,89.639999,89.639999,595450
14/07/2022,91.959999,92.239998,89.199997,89.279999,89.279999,796525
15/07/2022,87.919998,88.480003,85.480003,86.160004,86.160004,849600
18/07/2022,84.959999,88.160004,84.480003,87.639999,87.639999,558350
19/07/2022,85.919998,87.400002,85.400002,87.400002,87.400002,448750
20/07/2022,86.959999,87.099998,85.519997,86.279999,86.279999,534525
21/07/2022,86.32,87,84.559998,84.800003,84.800003,608525
22/07/2022,84.440002,87.519997,84.199997,85.599998,85.599998,679750
25/07/2022,80.239998,84.68,80.160004,84.599998,84.599998,1276875
26/07/2022,85.760002,87.379997,84.879997,86.68,86.68,752275
27/07/2022,84.800003,85.879997,83.879997,85.239998,85.239998,655025
28/07/2022,84.639999,86.360001,82.800003,83.279999,83.279999,564150
29/07/2022,83.760002,84.800003,82.919998,83.760002,83.760002,445675
01/08/2022,85.919998,87.199997,84,87.199997,87.199997,637250
02/08/2022,87.720001,88.080002,85.080002,86.599998,86.599998,464500
03/08/2022,85.080002,88.160004,84.080002,87.800003,87.800003,532225
04/08/2022,88.599998,88.599998,85.279999,85.279999,85.279999,433575
05/08/2022,87.279999,87.839996,85.239998,86,86,436650
08/08/2022,85.400002,89.68,85.400002,88.279999,88.279999,506825
09/08/2022,89.279999,89.519997,87.239998,87.760002,87.760002,207000
10/08/2022,86.199997,87.919998,85.68,85.760002,85.760002,385725
11/08/2022,85.760002,87.440002,84.32,86.760002,86.760002,380475
12/08/2022,86.279999,88.199997,86.279999,88.199997,88.199997,382000
15/08/2022,89.120003,89.120003,84.599998,85.959999,85.959999,503275
16/08/2022,85.480003,85.959999,84.279999,85.160004,85.160004,394850
17/08/2022,86,86.68,84.080002,84.400002,84.400002,367825
18/08/2022,84.599998,85.040001,84.360001,84.559998,84.559998,268425
19/08/2022,85.400002,86,84.599998,84.639999,84.639999,379325
22/08/2022,86.480003,86.599998,84.080002,84.879997,84.879997,600225
23/08/2022,84.480003,84.760002,80.239998,80.559998,80.559998,843625
24/08/2022,80.599998,80.639999,78.379997,79.199997,79.199997,373775
25/08/2022,78.080002,79.019997,76.839996,78.800003,78.800003,311475
26/08/2022,78,84.800003,77.959999,80.599998,80.599998,828550
29/08/2022,81.120003,81.18,77.879997,78.839996,78.839996,568200
30/08/2022,78.800003,80.32,77.279999,77.919998,77.919998,387725
31/08/2022,77.400002,77.68,76.160004,76.959999,76.959999,352950
01/09/2022,76.480003,79.440002,76.480003,77.760002,77.760002,428350
02/09/2022,76.800003,77.599998,74.896004,76.360001,76.360001,557050
06/09/2022,75.279999,78.272003,75,77,77,329650
07/09/2022,77.639999,77.800003,73.360001,74.199997,74.199997,405625
08/09/2022,74.599998,74.919998,72.400002,72.879997,72.879997,533475
09/09/2022,73,74,72.040001,73.879997,73.879997,385125
12/09/2022,73,73.328003,72.120003,72.599998,72.599998,475350
13/09/2022,74.599998,77.568001,73.68,76.040001,76.040001,697375
14/09/2022,75.919998,77.480003,75.599998,76.360001,76.360001,360550
15/09/2022,76.120003,77.599998,75.279999,76.599998,76.599998,492550
16/09/2022,79.120003,80,78.599998,79.239998,79.239998,667725
19/09/2022,75.760002,75.879997,71.400002,71.959999,71.959999,1627950
20/09/2022,72.519997,74.260002,71.559998,73.639999,73.639999,615475
21/09/2022,72.760002,75.599998,71.440002,75.440002,75.440002,820950
22/09/2022,74.800003,76.860001,74.239998,75.639999,75.639999,605000
23/09/2022,77.040001,83.360001,77.040001,79.279999,79.279999,1410325
26/09/2022,81.360001,83.120003,78.279999,82.239998,82.239998,1586275
27/09/2022,80.239998,85.720001,79.919998,83.800003,83.800003,852800
28/09/2022,83.199997,84.480003,79.279999,80.279999,80.279999,1053900
29/09/2022,82.400002,86,82.32,82.480003,82.480003,1179475
30/09/2022,82.800003,84.839996,80.080002,84.839996,84.839996,757350
03/10/2022,81.919998,82.639999,79.059998,80.599998,80.599998,922350
04/10/2022,77.440002,78.599998,76.720001,77.559998,77.559998,883425
05/10/2022,78.959999,80.599998,77.519997,78.080002,78.080002,616075
06/10/2022,77.720001,80.760002,77.080002,80.360001,80.360001,431900
07/10/2022,81.400002,84.339996,81.199997,83.639999,83.639999,780350
10/10/2022,84.239998,87.795998,84.080002,85.720001,85.720001,586100
11/10/2022,86.360001,88.239998,84.279999,87.040001,87.040001,678475
12/10/2022,86.559998,87.339996,85.279999,86.160004,86.160004,790850
13/10/2022,87.959999,87.959999,83.040001,83.919998,83.919998,1273525
14/10/2022,82.239998,87.239998,81.720001,85.800003,85.800003,1213725
17/10/2022,83.239998,83.639999,81.599998,83.360001,83.360001,858425
18/10/2022,81.720001,83.879997,81.360001,81.760002,81.760002,767200
19/10/2022,82.32,83.699997,81.199997,82.400002,82.400002,789725
20/10/2022,81.919998,82.559998,79.68,81.32,81.32,650975
21/10/2022,80.919998,81.32,79.32,81,81,681025
24/10/2022,80.120003,82.239998,79.519997,79.760002,79.760002,465800
25/10/2022,79.839996,80.080002,76.480003,76.68,76.68,626425
26/10/2022,77.239998,77.32,74.556,74.919998,74.919998,727425
27/10/2022,74.559998,74.879997,73.040001,73.440002,73.440002,608225
28/10/2022,73.480003,73.519997,71.120003,71.720001,71.720001,954475
31/10/2022,72.279999,72.279999,70.480003,70.639999,70.639999,521875
01/11/2022,69.959999,71.040001,69.760002,69.959999,69.959999,619525
02/11/2022,70.440002,72.120003,69.239998,71.760002,71.760002,936600
03/11/2022,72.639999,73.540001,69.68,70.279999,70.279999,717800
04/11/2022,68.720001,70.879997,67.339996,69.400002,69.400002,1317000
07/11/2022,69,69.68,67.919998,68.639999,68.639999,748125
08/11/2022,68.080002,71.32,67.959999,70.639999,70.639999,1397525
09/11/2022,70.800003,73.32,70.68,72.839996,72.839996,1092800
10/11/2022,68.720001,69.356003,67.199997,68.839996,68.839996,1695375
11/11/2022,69.32,69.879997,67.800003,67.919998,67.919998,1123550
14/11/2022,68,68.199997,66.120003,67.919998,67.919998,1022325
15/11/2022,66.32,70.760002,66.204002,68.800003,68.800003,2212650
16/11/2022,67.879997,68.32,66.800003,66.959999,66.959999,994375
17/11/2022,68.559998,68.68,66.160004,66.32,66.32,1050625
18/11/2022,65.800003,67.080002,65.540001,65.639999,65.639999,1263625
21/11/2022,65.760002,65.900002,63.720001,63.880001,63.880001,862975
22/11/2022,63.32,63.32,61.560001,61.68,61.68,906200
23/11/2022,61.84,62.060001,60.240002,60.32,60.32,1219350
25/11/2022,60.759998,61.119999,60.279999,60.639999,60.639999,469550
28/11/2022,61.880001,63.400002,61.119999,62.880001,62.880001,1319450
29/11/2022,62.599998,63.307999,61.68,61.959999,61.959999,929600
30/11/2022,62,63.080002,59.16,59.68,59.68,1972325
01/12/2022,59.52,60.740002,58.48,58.560001,58.560001,1494025
02/12/2022,59.759998,59.880001,57.360001,57.52,57.52,1984300
05/12/2022,58.279999,59.720001,57.34,58.52,58.52,1723625
06/12/2022,58.360001,60.779999,57.68,60.279999,60.279999,2015225
07/12/2022,60.720001,61.66,60.119999,61.16,61.16,2031050
08/12/2022,61.080002,61.723999,59.439999,59.919998,59.919998,1169975
09/12/2022,60.240002,61.400002,59.720001,61.200001,61.200001,1186600
12/12/2022,61.080002,61.560001,60.220001,60.84,60.84,1460750
13/12/2022,57.439999,60.52,57.240002,58.32,58.32,1908625
14/12/2022,58.200001,58.880001,55.98,56.32,56.32,1979550
15/12/2022,57.400002,61.139999,56.959999,59.84,59.84,2698825
16/12/2022,61.16,61.919998,59.279999,60.040001,60.040001,1972475
19/12/2022,59.759998,59.82,57.599998,58.599998,58.599998,2064050
20/12/2022,58.799999,59.759998,57.439999,58.16,58.16,1231325
21/12/2022,56.880001,57.040001,55.639999,55.959999,55.959999,1358625
22/12/2022,56.32,61.68,56.119999,59,59,2821375
23/12/2022,59,59.439999,56.959999,57.400002,57.400002,1560275
27/12/2022,57.439999,58.560001,57,57.360001,57.360001,1256000
28/12/2022,56.84,57.580002,55.82,57.240002,57.240002,1348150
29/12/2022,56.400002,56.68,55.799999,56.52,56.52,937175
30/12/2022,57.200001,57.759998,56.400002,56.48,56.48,1635825
03/01/2023,56,58,55.599998,55.959999,55.959999,1513900
04/01/2023,55.52,56,54.32,54.439999,54.439999,1362925
05/01/2023,55,55.759998,54.599998,54.880001,54.880001,1536750
06/01/2023,53.84,54.52,52.779999,53.599998,53.599998,1780800
09/01/2023,53.279999,54.439999,52.799999,53.880001,53.880001,1539175
10/01/2023,54.18,54.200001,51.48,51.639999,51.639999,1484800
11/01/2023,51.279999,52.16,51.240002,51.880001,51.880001,1630500
12/01/2023,50.880001,51.599998,49.240002,49.32,49.32,2673900
13/01/2023,49.68,49.68,47.639999,48.080002,48.080002,2395550
17/01/2023,48.84,49.279999,48.040001,48.48,48.48,1713550
18/01/2023,48,50.560001,47.683998,50.200001,50.200001,2852575
19/01/2023,51.52,52.16,49.740002,50.48,50.48,2643600
20/01/2023,50.040001,50.599998,48.439999,48.68,48.68,2095500
23/01/2023,48.68,49.02,48.040001,48.32,48.32,1753325
24/01/2023,48.560001,48.68,46.240002,46.439999,46.439999,2102300
25/01/2023,47.959999,49.380001,46.279999,46.52,46.52,2895050
26/01/2023,45.959999,46.919998,45.599998,45.799999,45.799999,2006675
27/01/2023,46,46,44.240002,45.200001,45.200001,2365600
30/01/2023,46.279999,47.18,45.919998,46.32,46.32,2303250
31/01/2023,46.360001,46.68,44.919998,45.279999,45.279999,1706850
01/02/2023,45.16,46.32,43.400002,43.919998,43.919998,2637325
02/02/2023,42.880001,46.119999,42.560001,44.84,44.84,3165800
03/02/2023,46.16,46.863998,44.768002,45.279999,45.279999,2869900
06/02/2023,45.880001,46.599998,45.439999,46.400002,46.400002,1520650
07/02/2023,46.759998,46.84,44.560001,44.959999,44.959999,2173575
08/02/2023,45.48,47.5,44.799999,46.639999,46.639999,2374350
09/02/2023,45.799999,48.32,45.400002,48.119999,48.119999,2353625
10/02/2023,48.964001,49.944,48.240002,48.68,48.68,2632525
13/02/2023,47.959999,48.16,46.720001,46.759998,46.759998,1790150
14/02/2023,46.200001,46.860001,44.599998,45.200001,45.200001,2555825
15/02/2023,45.32,45.439999,44.240002,44.279999,44.279999,1729250
16/02/2023,45.560001,46.720001,44.560001,46.720001,46.720001,3462750
17/02/2023,47.48,48.560001,46.599998,46.68,46.68,2919275
21/02/2023,48.959999,50.720001,48.32,50.32,50.32,3228375
22/02/2023,50.52,51.080002,48.563999,48.880001,48.880001,3023775
23/02/2023,47.84,49.400002,46.880001,47.16,47.16,2845625
24/02/2023,48.880001,50.240002,48.599998,49,49,3191725
27/02/2023,47.799999,47.799999,46.68,47.119999,47.119999,2266050
28/02/2023,47.119999,47.16,45.68,46.16,46.16,1708625
01/03/2023,46.439999,47.68,45.720001,46.599998,46.599998,2379150
02/03/2023,47.439999,47.52,44.880001,44.880001,44.880001,2284925
03/03/2023,44.400002,44.68,43.419998,43.599998,43.599998,2718050
06/03/2023,43.16,43.439999,42.720001,42.84,42.84,2148125
07/03/2023,42.900002,44.16,42.240002,43.77,43.77,2933800
08/03/2023,44.110001,44.25,42.869999,43.049999,43.049999,2499200
09/03/2023,42.720001,47.970001,42.389999,47.509998,47.509998,4005600
10/03/2023,47.700001,57.700001,47.700001,52.93,52.93,17051100
13/03/2023,59.189999,59.650002,53.330002,54.540001,54.540001,9390300
14/03/2023,50.689999,53.23,48.509998,51.66,51.66,7806000
15/03/2023,55.98,60.380001,54.172001,54.959999,54.959999,7794100
16/03/2023,57.18,57.5,50.290001,50.459999,50.459999,7613700
17/03/2023,52,56.759998,51.150002,55.959999,55.959999,9748900
20/03/2023,56.009998,56.810001,53.02,53.099998,53.099998,6997900
21/03/2023,50.740002,50.77,48.400002,48.459999,48.459999,7898200
22/03/2023,48.470001,50.549999,46.799999,50.540001,50.540001,12315400
23/03/2023,48.93,52.689999,47.139999,51.889999,51.889999,9006400
24/03/2023,53.259998,55.490002,49.689999,49.740002,49.740002,6261800
27/03/2023,48.650002,49.470001,47.57,47.970001,47.970001,3396100
28/03/2023,47.689999,48.290001,46.580002,46.639999,46.639999,3036200
29/03/2023,45.540001,45.950001,44.84,45.110001,45.110001,2759300
30/03/2023,44.830002,46.66,44.709999,45.110001,45.110001,2578400
31/03/2023,44.889999,45.150002,44.25,44.91,44.91,2577600
03/04/2023,44.900002,45.741001,43.75,43.91,43.91,4298800
04/04/2023,44.169998,45.91,43.970001,44.669998,44.669998,6434500
05/04/2023,44.939999,45.759998,44.139999,44.259998,44.259998,5997200
06/04/2023,44.639999,45.040001,43.09,43.48,43.48,6146600
10/04/2023,43.700001,44.209999,42.810001,43.060001,43.060001,3071200
11/04/2023,42.630001,42.91,42.025002,42.639999,42.639999,3212300
12/04/2023,41.799999,43.209999,41.619999,42.900002,42.900002,3960100
13/04/2023,42.119999,42.139999,41.150002,41.34,41.34,5169500
14/04/2023,41.580002,41.869999,40.610001,40.610001,40.610001,4942200
17/04/2023,40.5,40.5,39.279999,39.5,39.5,3799300
18/04/2023,39.330002,39.869999,38.869999,39.240002,39.240002,4579000
19/04/2023,39.490002,39.650002,38.66,39.09,39.09,4821500
20/04/2023,39.950001,40.299999,38.959999,39.950001,39.950001,5146700
21/04/2023,39.66,40.389999,39.080002,39.200001,39.200001,4373900
24/04/2023,39.299999,39.779999,38.98,38.990002,38.990002,4885700
25/04/2023,39.599998,42.57,39.27,42.290001,42.290001,8643600
26/04/2023,41.650002,42.049999,40.060001,41.220001,41.220001,5103300
27/04/2023,39.869999,39.900002,38.919998,39.43,39.43,7173200
28/04/2023,39.220001,39.220001,37.810001,37.860001,37.860001,10555700
01/05/2023,37.544998,37.619999,36.360001,37.240002,37.240002,6830200
02/05/2023,37.880001,41.490002,37.880001,38.889999,38.889999,13750300
03/05/2023,39.25,40.189999,38.07,40.099998,40.099998,12603100
04/05/2023,40.959999,43.209999,40.560001,42.060001,42.060001,9608500
05/05/2023,40.299999,40.490002,38.540001,38.75,38.75,7259500
08/05/2023,38.540001,39.09,38.060001,38.110001,38.110001,4418000
09/05/2023,38.77,39.169998,38.470001,39.029999,39.029999,5072700
10/05/2023,37.75,39.540001,37.299999,37.84,37.84,7306900
11/05/2023,38.290001,39.200001,37.349998,37.470001,37.470001,6255200
12/05/2023,37.040001,38.43,36.830002,37.509998,37.509998,7576900
15/05/2023,37.139999,37.639999,36.5,36.5,36.5,4977000
16/05/2023,36.830002,37.630001,36.509998,37.610001,37.610001,6173000
17/05/2023,36.650002,37.150002,36.16,36.360001,36.360001,7638200
18/05/2023,36.23,36.369999,34.880001,34.900002,34.900002,6419100
19/05/2023,34.630001,36.580002,34.419998,35.77,35.77,9049500
22/05/2023,35.849998,36.639999,35.23,35.810001,35.810001,5548900
23/05/2023,36.299999,37.049999,35.419998,36.490002,36.490002,5253500
24/05/2023,37.439999,38.334,37.360001,37.959999,37.959999,8098300
25/05/2023,36.91,37.77,36.68,37.07,37.07,5028000
26/05/2023,36.23,36.299999,34.715,35.650002,35.650002,6776900
30/05/2023,34.369999,35.860001,34.099998,34.73,34.73,7049800
31/05/2023,34.939999,35.48,34.130001,34.459999,34.459999,6119700
01/06/2023,33.919998,34.081001,32.43,32.490002,32.490002,8478300
02/06/2023,31.68,31.9,30.85,31.18,31.18,9249500
05/06/2023,31.219999,31.34,30.530001,30.610001,30.610001,5527000
06/06/2023,30.440001,30.530001,28.709999,28.780001,28.780001,6903700
07/06/2023,28.950001,29.389999,28.73,28.91,28.91,7525100
08/06/2023,29,29.129999,27.889999,28.209999,28.209999,6772900
09/06/2023,28.129999,28.74,27.972,28.360001,28.360001,7167500
12/06/2023,28.469999,28.9,28.299999,28.49,28.49,5009100
13/06/2023,28.1,28.57,27.940001,28.42,28.42,5758700
14/06/2023,28.309999,28.389999,27.52,27.57,27.57,10047200
15/06/2023,27.32,28.33,27.280001,28.299999,28.299999,6016100
16/06/2023,28.34,28.469999,27.280001,27.299999,27.299999,7546500
20/06/2023,27.52,28.004999,27.33,27.35,27.35,6441000
21/06/2023,27.040001,27.275,26.684999,26.790001,26.790001,7593900
22/06/2023,27.08,27.129999,25.959999,26.15,26.15,5847300
23/06/2023,26.780001,27.110001,26.1,26.48,26.48,7692400
26/06/2023,26.51,26.549999,25.860001,26.43,26.43,5872800
27/06/2023,26.200001,26.209999,25.235001,25.77,25.77,6674700
28/06/2023,25.559999,25.6,24.809999,24.83,24.83,6472300
29/06/2023,24.950001,25.495001,24.91,25.370001,25.370001,7458800
30/06/2023,24.98,25.190001,24.67,25,25,6059600
03/07/2023,24.91,25.1,24.709999,24.74,24.74,2857000
05/07/2023,25.26,25.26,24.834999,25.07,25.07,5947500
06/07/2023,26.26,28.9,26.26,26.51,26.51,15696600
07/07/2023,26.790001,26.860001,25.5,25.83,25.83,8179200
10/07/2023,25.940001,26.27,25.605,25.66,25.66,6840000
11/07/2023,25.209999,25.900999,25.059999,25.469999,25.469999,8029200
12/07/2023,24.629999,24.67,24.01,24.07,24.07,10458200
13/07/2023,23.629999,24.254999,23.440001,24.209999,24.209999,7336800
14/07/2023,24.219999,24.540001,23.76,23.92,23.92,7446000
17/07/2023,24,24.030001,23.431999,23.870001,23.870001,5548500
18/07/2023,23.83,23.9,23.389,23.48,23.48,5930000
19/07/2023,23.290001,24.16,23.23,23.9,23.9,7985300
20/07/2023,24.15,24.415001,23.68,23.99,23.99,8487800
21/07/2023,23.700001,23.860001,23.26,23.700001,23.700001,9316700
24/07/2023,23.68,23.68,23.091,23.299999,23.299999,8192300
25/07/2023,23.280001,23.398001,22.82,23.290001,23.290001,7115900
26/07/2023,23.57,23.57,22.610001,22.67,22.67,9460800
27/07/2023,22.25,24.309999,22.200001,23.799999,23.799999,16916700
28/07/2023,22.92,23.52,22.636999,22.9,22.9,8947600
31/07/2023,22.780001,23.094999,22.59,22.6,22.6,6671000
01/08/2023,23.219999,23.43,22.92,22.950001,22.950001,6415700
02/08/2023,24.389999,25.65,24.299999,25.02,25.02,18176100
03/08/2023,25.9,26.309999,24.58,24.940001,24.940001,13925700
04/08/2023,24.059999,26.004999,23.620001,25.83,25.83,15316800
07/08/2023,25.26,25.48,24.422001,24.48,24.48,10054600
08/08/2023,25.524,27.209999,24.879999,24.91,24.91,16185100
09/08/2023,24.700001,25.75,24.16,24.690001,24.690001,13497800
10/08/2023,23.92,25.540001,23.360001,24.799999,24.799999,16252300
11/08/2023,25.26,25.42,23.76,23.83,23.83,10655600
14/08/2023,24.219999,24.59,23.360001,23.42,23.42,9719400
15/08/2023,23.860001,25.02,23.780001,24.77,24.77,15570400
16/08/2023,24.790001,25.23,24.049999,25.17,25.17,14491800
17/08/2023,24.9,26.389999,24.690001,26.379999,26.379999,14480200
18/08/2023,27.209999,27.33,25.490999,25.709999,25.709999,13823200
21/08/2023,25.450001,25.91,24.92,25.030001,25.030001,13034200
22/08/2023,24.540001,25.59,24.51,25.139999,25.139999,10360100
23/08/2023,24.870001,24.91,24.23,24.305,24.305,7948000
24/08/2023,23.969999,25.396999,23.844999,25.299999,25.299999,10732600
25/08/2023,24.99,25.6,23.959999,24.200001,24.200001,13677000
28/08/2023,23.73,23.84,23.219999,23.25,23.25,8563800
29/08/2023,23.190001,23.23,22.459999,22.67,22.67,11468800
30/08/2023,22.42,22.620001,21.860001,21.99,21.99,8683900
31/08/2023,21.9,21.968,21.389999,21.5,21.5,8462300
01/09/2023,21.17,21.42,20.995001,21.209999,21.209999,9768700
05/09/2023,21.299999,21.639999,21.025,21.35,21.35,6815800
06/09/2023,21.42,22.23,21.35,21.74,21.74,7801000
07/09/2023,22.459999,22.690001,21.59,21.709999,21.709999,8049400
08/09/2023,21.639999,21.65,20.959999,21.280001,21.280001,9255500
11/09/2023,20.91,21.209999,20.690001,20.780001,20.780001,7218800
12/09/2023,21,21.1,20.549999,20.93,20.93,8065500
13/09/2023,20.76,20.818001,20.389999,20.51,20.51,9955000
14/09/2023,20.24,20.302999,19.879999,19.91,19.91,11033700
15/09/2023,20.037001,20.75,19.77,20.68,20.68,12803800
18/09/2023,20.940001,21.09,20.209999,20.51,20.51,8200100
19/09/2023,20.530001,21.030001,20.290001,20.41,20.41,11343500
20/09/2023,20.08,21.24,19.934999,21.18,21.18,13283100
21/09/2023,22.16,22.879999,21.700001,22.809999,22.809999,17096200
22/09/2023,22.719999,22.99,22.049999,22.870001,22.870001,11882900
25/09/2023,23.530001,23.780001,22.76,22.9,22.9,10447400
26/09/2023,23.42,25.16,23.145,25.040001,25.040001,16327500
27/09/2023,24.309999,25.440001,23.959999,23.969999,23.969999,14637700
28/09/2023,23.99,24.27,22.676001,22.870001,22.870001,11515300
29/09/2023,22.01,23.360001,21.870001,23.32,23.32,11531600
02/10/2023,23.440001,23.889999,22.75,23.360001,23.360001,11455400
03/10/2023,24.01,25.959999,23.635,25.559999,25.559999,15225800
04/10/2023,25.15,25.495001,24.18,24.280001,24.280001,14260500
05/10/2023,24.24,25.370001,23.93,23.940001,23.940001,10867100
06/10/2023,24.709999,25.285,23.15,23.639999,23.639999,12556300
09/10/2023,24.43,24.77,23.280001,23.309999,23.309999,8042100
10/10/2023,23.08,23.09,22.24,22.530001,22.530001,8507600
11/10/2023,22.25,23.309999,22,22.120001,22.120001,8986200
12/10/2023,21.879999,23.52,21.43,22.6,22.6,13631900
13/10/2023,22.549999,25.91,22.4,25.32,25.32,22742100
16/10/2023,24.370001,24.450001,22.85,22.91,22.91,13546100
17/10/2023,23.76,24.02,22.549999,23.549999,23.549999,13139900
18/10/2023,24.09,25.370001,23.91,25.059999,25.059999,14807800
19/10/2023,24.67,26.396999,24.299999,26.299999,26.299999,20375200
20/10/2023,26.33,26.93,25.690001,26.459999,26.459999,16173700
23/10/2023,26.940001,27.355,24.690001,25.549999,25.549999,11794900
24/10/2023,24.92,25.559999,24.295,24.389999,24.389999,10985600
25/10/2023,24.51,26.57,24.51,25.98,25.98,15107500
26/10/2023,26.040001,26.98,25.58,26.209999,26.209999,14866200
27/10/2023,25.709999,27.219999,25.360001,27.08,27.08,14524400
30/10/2023,26.040001,26.099001,25.02,25.059999,25.059999,8600700
31/10/2023,24.959999,25.17,23.42,23.450001,23.450001,10910900
01/11/2023,23.280001,23.280001,22.34,22.459999,22.459999,13805100
02/11/2023,21.950001,22.32,21.67,21.690001,21.690001,10077900
03/11/2023,21.325001,21.469999,21.040001,21.18,21.18,10667400
06/11/2023,20.92,21.086,20.450001,20.48,20.48,9094400
07/11/2023,20.440001,20.65,20.24,20.379999,20.379999,5378800
08/11/2023,20.139999,20.620001,19.91,20,20,8310100
09/11/2023,19.780001,20.969999,19.735001,20.77,20.77,11059900
10/11/2023,20.4,20.440001,19.745001,19.93,19.93,10621700
13/11/2023,20.07,20.18,19.51,19.709999,19.709999,6637600
14/11/2023,19.01,19.605,18.958,19.559999,19.559999,9552200
15/11/2023,19.25,19.391001,19.072001,19.15,19.15,9065800
16/11/2023,19.120001,19.24,18.82,18.85,18.85,9311900
17/11/2023,18.76,18.93,18.5,18.559999,18.559999,6542200
20/11/2023,18.450001,18.49,18.225,18.42,18.42,5822600
21/11/2023,18.49,18.51,17.99,18.059999,18.059999,8787700
22/11/2023,17.83,18.379999,17.77,18.200001,18.200001,6972100
24/11/2023,18.01,18.139999,17.34,17.42,17.42,4663900
27/11/2023,17.58,17.59,17.43,17.540001,17.540001,5577600
28/11/2023,17.450001,17.618999,17.200001,17.309999,17.309999,6865200
29/11/2023,17.139999,17.639999,17.120001,17.559999,17.559999,7837500
30/11/2023,17.459999,17.690001,17.25,17.290001,17.290001,7030700
01/12/2023,17.200001,17.290001,17,17.23,17.23,9020000
04/12/2023,17.52,17.82,17.25,17.280001,17.280001,7517500
05/12/2023,17.35,17.389999,17.129999,17.16,17.16,5968100
06/12/2023,16.98,17.35,16.879999,17.24,17.24,6366100
07/12/2023,17.16,17.344999,17.120001,17.25,17.25,4707800
08/12/2023,17.1,17.120001,16.719999,16.75,16.75,7031600
11/12/2023,16.690001,16.74,16.334999,16.370001,16.370001,7512800
12/12/2023,16.139999,16.24,15.795,15.9,15.9,9546800
13/12/2023,15.8,16.049999,15.613,15.71,15.71,12153800
14/12/2023,15.52,16.09,15.52,15.62,15.62,15347300
15/12/2023,15.71,16.200001,15.61,16.139999,16.139999,10957300
18/12/2023,16.120001,16.24,16.07,16.18,16.18,6000900
19/12/2023,16.299999,16.459999,16.200001,16.42,16.42,5433800
20/12/2023,16.35,17.629999,16.25,17.42,17.42,18323000
21/12/2023,17.183001,17.575001,16.879999,17.059999,17.059999,11608300
22/12/2023,16.969999,17.33,16.610001,16.610001,16.610001,9004000
26/12/2023,16.57,16.68,16.16,16.219999,16.219999,4362000
27/12/2023,16.059999,16.059999,15.5,15.52,15.52,7458200
28/12/2023,15.46,15.7,15.41,15.48,15.48,6219900
29/12/2023,15.49,15.9,15.38,15.52,15.52,10208500
02/01/2024,15.95,16.209999,15.43,15.52,15.52,11890600
03/01/2024,15.815,16.35,15.58,16.1,16.1,15647100
04/01/2024,16.120001,16.17,15.77,16.08,16.08,7366100
05/01/2024,15.93,15.95,15.4,15.55,15.55,13082700
08/01/2024,15.54,15.61,15,15.19,15.19,8988800
09/01/2024,15.33,15.36,14.8,14.84,14.84,6979500
10/01/2024,14.74,14.8,14.6,14.68,14.68,8202800
11/01/2024,14.47,15.14,14.43,14.6,14.6,12642700
12/01/2024,14.55,14.9,14.533,14.84,14.84,9816800
16/01/2024,15.2,15.67,15.01,15.36,15.36,13210400
17/01/2024,15.82,16.299999,15.55,15.94,15.94,15085600
18/01/2024,15.54,15.9,15.32,15.39,15.39,10524500
19/01/2024,15.08,15.182,14.88,15,15,10883000
22/01/2024,14.81,14.92,14.45,14.5,14.5,9893700
23/01/2024,14.31,14.35,14.07,14.08,14.08,7778700
24/01/2024,13.97,14.46,13.931,14.45,14.45,11443900
25/01/2024,14.42,14.67,14.34,14.61,14.61,8528400
26/01/2024,14.61,14.69,14.34,14.53,14.53,8426700
29/01/2024,14.54,14.804,14.49,14.59,14.59,8483800
30/01/2024,14.54,14.57,14.36,14.4,14.4,7419200
31/01/2024,14.43,15.25,14.39,15.13,15.13,20118200
01/02/2024,14.95,15.29,14.7,15.01,15.01,11525700
02/02/2024,14.94,15.11,14.715,14.99,14.99,9932900
05/02/2024,14.86,15.17,14.36,14.4,14.4,11180500
06/02/2024,14.27,14.439,14.03,14.05,14.05,8390400
07/02/2024,13.92,14.12,13.9,14,14,9110800
08/02/2024,13.96,14.17,13.87,13.92,13.92,7214300
09/02/2024,13.86,14.07,13.75,14.02,14.02,7921400
12/02/2024,13.93,14.465,13.89,14.32,14.32,12354300
13/02/2024,14.79,16.309999,14.66,15.33,15.33,30739400
14/02/2024,14.75,15.06,14.46,14.57,14.57,22283700
15/02/2024,14.4,14.715,14.305,14.42,14.42,12597500
16/02/2024,14.51,14.625,14.12,14.4,14.4,12634200
20/02/2024,14.62,15.24,14.55,14.87,14.87,19032100
21/02/2024,14.946,15.09,14.7,14.74,14.74,15100400
22/02/2024,14.18,14.49,13.99,14.46,14.46,12273300
23/02/2024,14.219,14.32,13.91,13.93,13.93,10458700
26/02/2024,13.81,13.86,13.715,13.79,13.79,6880500
27/02/2024,13.62,13.69,13.504,13.53,13.53,7286900
28/02/2024,13.62,13.86,13.59,13.75,13.75,7459800
29/02/2024,13.5,13.87,13.49,13.56,13.56,11244600
01/03/2024,13.43,13.68,13.35,13.6,13.6,10611700
04/03/2024,13.54,13.65,13.49,13.57,13.57,5647000
05/03/2024,13.7,14.545,13.68,14.13,14.13,21810500
06/03/2024,13.8,14.3,13.72,14.18,14.18,14480300
07/03/2024,13.88,14.29,13.86,14.11,14.11,10377900
08/03/2024,13.91,14.96,13.82,14.48,14.48,20347500
11/03/2024,14.61,14.861,14.195,14.33,14.33,11414600
12/03/2024,13.98,14.17,13.585,13.63,13.63,14850100
13/03/2024,13.57,13.69,13.48,13.56,13.56,7523800
14/03/2024,13.47,14.45,13.39,13.91,13.91,29398600
15/03/2024,14.122,14.71,13.975,14.19,14.19,22443600
18/03/2024,13.97,13.986,13.74,13.86,13.86,12182600
19/03/2024,13.89,13.96,13.46,13.47,13.47,11774500
20/03/2024,13.5,13.55,13.125,13.19,13.19,17471300
21/03/2024,13.01,13.25,12.95,13.07,13.07,12622700
22/03/2024,13.13,13.2,12.92,13.13,13.13,9442300
25/03/2024,13.14,13.15,12.925,13.08,13.08,6583400
26/03/2024,12.94,13.01,12.79,13.01,13.01,10526400
27/03/2024,12.84,13.07,12.76,12.77,12.77,9817500
28/03/2024,12.8,13.01,12.73,12.97,12.97,10817400
01/04/2024,12.99,13.33,12.925,13.14,13.14,11461800
02/04/2024,13.59,13.95,13.45,13.45,13.45,21622800
03/04/2024,13.66,13.73,13.22,13.36,13.36,15103200
04/04/2024,13.16,14.41,13.03,13.995,13.995,36047300
05/04/2024,14.18,14.43,13.78,14.26,14.26,32713900
08/04/2024,14,14.12,13.59,13.7,13.7,17333600
09/04/2024,13.64,14.21,13.53,13.6,13.6,22466500
10/04/2024,13.94,14.39,13.79,13.86,13.86,36177000
11/04/2024,13.9,14.44,13.53,13.59,13.59,19230100
12/04/2024,14.2,15.485,14.2,14.79,14.79,50461600
15/04/2024,14.35,15.68,14.18,15.61,15.61,36599600
16/04/2024,15.49,15.65,14.81,15.08,15.08,32980900
17/04/2024,15,15.6,14.695,14.93,14.93,22491700
18/04/2024,14.73,15.27,14.56,14.97,14.97,19109400
19/04/2024,15.03,15.705,14.82,15.46,15.46,24239800
22/04/2024,14.87,14.89,14.083,14.27,14.27,16254400
23/04/2024,13.97,14.04,13.63,13.71,13.71,12968100
24/04/2024,13.64,13.96,13.55,13.57,13.57,16190200
25/04/2024,14.34,14.55,13.795,13.88,13.88,22117100
26/04/2024,13.49,13.61,13.36,13.43,13.43,11805000
29/04/2024,13.29,13.49,13.11,13.2,13.2,8759700
30/04/2024,13.25,13.64,13.09,13.61,13.61,11147500
01/05/2024,13.75,13.86,13.08,13.69,13.69,19386600
02/05/2024,13.4,13.77,13.18,13.24,13.24,9597500
03/05/2024,12.77,13.03,12.72,12.79,12.79,15081400
06/05/2024,12.59,12.61,12.41,12.41,12.41,8554000
07/05/2024,12.39,12.51,12.375,12.41,12.41,10279100
08/05/2024,12.41,12.43,12.265,12.28,12.28,7559900
09/05/2024,12.28,12.41,12.21,12.23,12.23,11563300
10/05/2024,12.22,12.26,12.04,12.06,12.06,8620800
13/05/2024,12.04,12.26,12.01,12.19,12.19,9664800
14/05/2024,12.19,12.27,11.94,11.99,11.99,6906900
15/05/2024,11.75,11.86,11.52,11.52,11.52,8889800
16/05/2024,11.52,11.635,11.48,11.51,11.51,10934100
17/05/2024,11.5,11.55,11.34,11.36,11.36,9290600
20/05/2024,11.37,11.46,11.25,11.38,11.38,8955200
21/05/2024,11.394,11.42,11.16,11.19,11.19,8390500
22/05/2024,11.23,11.55,11.12,11.43,11.43,17928500
23/05/2024,11.2,11.73,11.14,11.59,11.59,22336000
24/05/2024,11.53,11.54,11.19,11.25,11.25,11583700
28/05/2024,11.21,11.69,11.19,11.49,11.49,15762700
29/05/2024,12,12.04,11.73,11.93,11.93,13848000
30/05/2024,11.94,12.12,11.67,11.89,11.89,12761600
